risk by currency+region+le, exposure, hedge
commvegachfemeabank1commvega_1commvega_2commvega_3commvega_4commvega_5commvega_6commvega_7commvega_8commvega_9commvega_10commvega_11commvega_12commvega_13commvega_14commvega_15commvega_16commvega_17commvega_18commvega_19commvega_20commvega_21commvega_22commvega_23commvega_24commvega_25commvega_26commvega_27commvega_28commvega_29commvega_30commvega_31commvega_32commvega_33commvega_34commvega_35commvega_36commvega_37commvega_38commvega_39commvega_40commvega_41commvega_42commvega_43commvega_44commvega_45commvega_46commvega_47commvega_48commvega_49commvega_50,74310370,73375100
commvegainramrsbank5commvega_1commvega_2commvega_3commvega_4commvega_5commvega_6commvega_7commvega_8commvega_9commvega_10commvega_11commvega_12commvega_13commvega_14commvega_15commvega_16commvega_17commvega_18commvega_19commvega_20commvega_21commvega_22commvega_23commvega_24commvega_25commvega_26commvega_27commvega_28commvega_29commvega_30commvega_31commvega_32commvega_33commvega_34commvega_35commvega_36commvega_37commvega_38commvega_39commvega_40commvega_41commvega_42commvega_43commvega_44commvega_45commvega_46commvega_47commvega_48commvega_49commvega_50,51173520,56636160
commvegagbpamrsbank3commvega_1commvega_2commvega_3commvega_4commvega_5commvega_6commvega_7commvega_8commvega_9commvega_10commvega_11commvega_12commvega_13commvega_14commvega_15commvega_16commvega_17commvega_18commvega_19commvega_20commvega_21commvega_22commvega_23commvega_24commvega_25commvega_26commvega_27commvega_28commvega_29commvega_30commvega_31commvega_32commvega_33commvega_34commvega_35commvega_36commvega_37commvega_38commvega_39commvega_40commvega_41commvega_42commvega_43commvega_44commvega_45commvega_46commvega_47commvega_48commvega_49commvega_50,55106310,56663710
commvegausdapacbank4commvega_1commvega_2commvega_3commvega_4commvega_5commvega_6commvega_7commvega_8commvega_9commvega_10commvega_11commvega_12commvega_13commvega_14commvega_15commvega_16commvega_17commvega_18commvega_19commvega_20commvega_21commvega_22commvega_23commvega_24commvega_25commvega_26commvega_27commvega_28commvega_29commvega_30commvega_31commvega_32commvega_33commvega_34commvega_35commvega_36commvega_37commvega_38commvega_39commvega_40commvega_41commvega_42commvega_43commvega_44commvega_45commvega_46commvega_47commvega_48commvega_49commvega_50,55511400,54491510
commvegasgdapacbank2commvega_1commvega_2commvega_3commvega_4commvega_5commvega_6commvega_7commvega_8commvega_9commvega_10commvega_11commvega_12commvega_13commvega_14commvega_15commvega_16commvega_17commvega_18commvega_19commvega_20commvega_21commvega_22commvega_23commvega_24commvega_25commvega_26commvega_27commvega_28commvega_29commvega_30commvega_31commvega_32commvega_33commvega_34commvega_35commvega_36commvega_37commvega_38commvega_39commvega_40commvega_41commvega_42commvega_43commvega_44commvega_45commvega_46commvega_47commvega_48commvega_49commvega_50,56895120,59377000
commvegainremeabank5commvega_1commvega_2commvega_3commvega_4commvega_5commvega_6commvega_7commvega_8commvega_9commvega_10commvega_11commvega_12commvega_13commvega_14commvega_15commvega_16commvega_17commvega_18commvega_19commvega_20commvega_21commvega_22commvega_23commvega_24commvega_25commvega_26commvega_27commvega_28commvega_29commvega_30commvega_31commvega_32commvega_33commvega_34commvega_35commvega_36commvega_37commvega_38commvega_39commvega_40commvega_41commvega_42commvega_43commvega_44commvega_45commvega_46commvega_47commvega_48commvega_49commvega_50,75891050,78540640
commvegagbpemeabank3commvega_1commvega_2commvega_3commvega_4commvega_5commvega_6commvega_7commvega_8commvega_9commvega_10commvega_11commvega_12commvega_13commvega_14commvega_15commvega_16commvega_17commvega_18commvega_19commvega_20commvega_21commvega_22commvega_23commvega_24commvega_25commvega_26commvega_27commvega_28commvega_29commvega_30commvega_31commvega_32commvega_33commvega_34commvega_35commvega_36commvega_37commvega_38commvega_39commvega_40commvega_41commvega_42commvega_43commvega_44commvega_45commvega_46commvega_47commvega_48commvega_49commvega_50,65231220,70378470
commvegausdamrsbank4commvega_1commvega_2commvega_3commvega_4commvega_5commvega_6commvega_7commvega_8commvega_9commvega_10commvega_11commvega_12commvega_13commvega_14commvega_15commvega_16commvega_17commvega_18commvega_19commvega_20commvega_21commvega_22commvega_23commvega_24commvega_25commvega_26commvega_27commvega_28commvega_29commvega_30commvega_31commvega_32commvega_33commvega_34commvega_35commvega_36commvega_37commvega_38commvega_39commvega_40commvega_41commvega_42commvega_43commvega_44commvega_45commvega_46commvega_47commvega_48commvega_49commvega_50,52493280,59485950
commvegasgdamrsbank2commvega_1commvega_2commvega_3commvega_4commvega_5commvega_6commvega_7commvega_8commvega_9commvega_10commvega_11commvega_12commvega_13commvega_14commvega_15commvega_16commvega_17commvega_18commvega_19commvega_20commvega_21commvega_22commvega_23commvega_24commvega_25commvega_26commvega_27commvega_28commvega_29commvega_30commvega_31commvega_32commvega_33commvega_34commvega_35commvega_36commvega_37commvega_38commvega_39commvega_40commvega_41commvega_42commvega_43commvega_44commvega_45commvega_46commvega_47commvega_48commvega_49commvega_50,50948110,51307330
commvegachfapacbank1commvega_1commvega_2commvega_3commvega_4commvega_5commvega_6commvega_7commvega_8commvega_9commvega_10commvega_11commvega_12commvega_13commvega_14commvega_15commvega_16commvega_17commvega_18commvega_19commvega_20commvega_21commvega_22commvega_23commvega_24commvega_25commvega_26commvega_27commvega_28commvega_29commvega_30commvega_31commvega_32commvega_33commvega_34commvega_35commvega_36commvega_37commvega_38commvega_39commvega_40commvega_41commvega_42commvega_43commvega_44commvega_45commvega_46commvega_47commvega_48commvega_49commvega_50,54618090,57218600
commvegainrapacbank5commvega_1commvega_2commvega_3commvega_4commvega_5commvega_6commvega_7commvega_8commvega_9commvega_10commvega_11commvega_12commvega_13commvega_14commvega_15commvega_16commvega_17commvega_18commvega_19commvega_20commvega_21commvega_22commvega_23commvega_24commvega_25commvega_26commvega_27commvega_28commvega_29commvega_30commvega_31commvega_32commvega_33commvega_34commvega_35commvega_36commvega_37commvega_38commvega_39commvega_40commvega_41commvega_42commvega_43commvega_44commvega_45commvega_46commvega_47commvega_48commvega_49commvega_50,54906790,61894360
commvegausdemeabank4commvega_1commvega_2commvega_3commvega_4commvega_5commvega_6commvega_7commvega_8commvega_9commvega_10commvega_11commvega_12commvega_13commvega_14commvega_15commvega_16commvega_17commvega_18commvega_19commvega_20commvega_21commvega_22commvega_23commvega_24commvega_25commvega_26commvega_27commvega_28commvega_29commvega_30commvega_31commvega_32commvega_33commvega_34commvega_35commvega_36commvega_37commvega_38commvega_39commvega_40commvega_41commvega_42commvega_43commvega_44commvega_45commvega_46commvega_47commvega_48commvega_49commvega_50,69154060,68226440
commvegachfamrsbank1commvega_1commvega_2commvega_3commvega_4commvega_5commvega_6commvega_7commvega_8commvega_9commvega_10commvega_11commvega_12commvega_13commvega_14commvega_15commvega_16commvega_17commvega_18commvega_19commvega_20commvega_21commvega_22commvega_23commvega_24commvega_25commvega_26commvega_27commvega_28commvega_29commvega_30commvega_31commvega_32commvega_33commvega_34commvega_35commvega_36commvega_37commvega_38commvega_39commvega_40commvega_41commvega_42commvega_43commvega_44commvega_45commvega_46commvega_47commvega_48commvega_49commvega_50,59139180,56126540
commvegagbpapacbank3commvega_1commvega_2commvega_3commvega_4commvega_5commvega_6commvega_7commvega_8commvega_9commvega_10commvega_11commvega_12commvega_13commvega_14commvega_15commvega_16commvega_17commvega_18commvega_19commvega_20commvega_21commvega_22commvega_23commvega_24commvega_25commvega_26commvega_27commvega_28commvega_29commvega_30commvega_31commvega_32commvega_33commvega_34commvega_35commvega_36commvega_37commvega_38commvega_39commvega_40commvega_41commvega_42commvega_43commvega_44commvega_45commvega_46commvega_47commvega_48commvega_49commvega_50,57701390,55955550
commvegasgdemeabank2commvega_1commvega_2commvega_3commvega_4commvega_5commvega_6commvega_7commvega_8commvega_9commvega_10commvega_11commvega_12commvega_13commvega_14commvega_15commvega_16commvega_17commvega_18commvega_19commvega_20commvega_21commvega_22commvega_23commvega_24commvega_25commvega_26commvega_27commvega_28commvega_29commvega_30commvega_31commvega_32commvega_33commvega_34commvega_35commvega_36commvega_37commvega_38commvega_39commvega_40commvega_41commvega_42commvega_43commvega_44commvega_45commvega_46commvega_47commvega_48commvega_49commvega_50,68894340,75843490
comvegachfapacbank1comvega_1comvega_2comvega_3comvega_4comvega_5comvega_6comvega_7comvega_8comvega_9comvega_10comvega_11comvega_12comvega_13comvega_14comvega_15comvega_16comvega_17comvega_18comvega_19comvega_20comvega_21comvega_22comvega_23comvega_24comvega_25comvega_26comvega_27comvega_28comvega_29comvega_30comvega_31comvega_32comvega_33comvega_34comvega_35comvega_36comvega_37comvega_38comvega_39comvega_40comvega_41comvega_42comvega_43comvega_44comvega_45comvega_46comvega_47comvega_48comvega_49comvega_50,59839500,56810830
comvegainremeabank5comvega_1comvega_2comvega_3comvega_4comvega_5comvega_6comvega_7comvega_8comvega_9comvega_10comvega_11comvega_12comvega_13comvega_14comvega_15comvega_16comvega_17comvega_18comvega_19comvega_20comvega_21comvega_22comvega_23comvega_24comvega_25comvega_26comvega_27comvega_28comvega_29comvega_30comvega_31comvega_32comvega_33comvega_34comvega_35comvega_36comvega_37comvega_38comvega_39comvega_40comvega_41comvega_42comvega_43comvega_44comvega_45comvega_46comvega_47comvega_48comvega_49comvega_50,55288040,61001380
comvegagbpemeabank3comvega_1comvega_2comvega_3comvega_4comvega_5comvega_6comvega_7comvega_8comvega_9comvega_10comvega_11comvega_12comvega_13comvega_14comvega_15comvega_16comvega_17comvega_18comvega_19comvega_20comvega_21comvega_22comvega_23comvega_24comvega_25comvega_26comvega_27comvega_28comvega_29comvega_30comvega_31comvega_32comvega_33comvega_34comvega_35comvega_36comvega_37comvega_38comvega_39comvega_40comvega_41comvega_42comvega_43comvega_44comvega_45comvega_46comvega_47comvega_48comvega_49comvega_50,53749350,59637930
comvegausdamrsbank4comvega_1comvega_2comvega_3comvega_4comvega_5comvega_6comvega_7comvega_8comvega_9comvega_10comvega_11comvega_12comvega_13comvega_14comvega_15comvega_16comvega_17comvega_18comvega_19comvega_20comvega_21comvega_22comvega_23comvega_24comvega_25comvega_26comvega_27comvega_28comvega_29comvega_30comvega_31comvega_32comvega_33comvega_34comvega_35comvega_36comvega_37comvega_38comvega_39comvega_40comvega_41comvega_42comvega_43comvega_44comvega_45comvega_46comvega_47comvega_48comvega_49comvega_50,67972590,72036130
comvegasgdamrsbank2comvega_1comvega_2comvega_3comvega_4comvega_5comvega_6comvega_7comvega_8comvega_9comvega_10comvega_11comvega_12comvega_13comvega_14comvega_15comvega_16comvega_17comvega_18comvega_19comvega_20comvega_21comvega_22comvega_23comvega_24comvega_25comvega_26comvega_27comvega_28comvega_29comvega_30comvega_31comvega_32comvega_33comvega_34comvega_35comvega_36comvega_37comvega_38comvega_39comvega_40comvega_41comvega_42comvega_43comvega_44comvega_45comvega_46comvega_47comvega_48comvega_49comvega_50,72691760,80407100
comvegainrapacbank5comvega_1comvega_2comvega_3comvega_4comvega_5comvega_6comvega_7comvega_8comvega_9comvega_10comvega_11comvega_12comvega_13comvega_14comvega_15comvega_16comvega_17comvega_18comvega_19comvega_20comvega_21comvega_22comvega_23comvega_24comvega_25comvega_26comvega_27comvega_28comvega_29comvega_30comvega_31comvega_32comvega_33comvega_34comvega_35comvega_36comvega_37comvega_38comvega_39comvega_40comvega_41comvega_42comvega_43comvega_44comvega_45comvega_46comvega_47comvega_48comvega_49comvega_50,63450440,59030500
comvegausdemeabank4comvega_1comvega_2comvega_3comvega_4comvega_5comvega_6comvega_7comvega_8comvega_9comvega_10comvega_11comvega_12comvega_13comvega_14comvega_15comvega_16comvega_17comvega_18comvega_19comvega_20comvega_21comvega_22comvega_23comvega_24comvega_25comvega_26comvega_27comvega_28comvega_29comvega_30comvega_31comvega_32comvega_33comvega_34comvega_35comvega_36comvega_37comvega_38comvega_39comvega_40comvega_41comvega_42comvega_43comvega_44comvega_45comvega_46comvega_47comvega_48comvega_49comvega_50,52240680,59965050
comvegachfamrsbank1comvega_1comvega_2comvega_3comvega_4comvega_5comvega_6comvega_7comvega_8comvega_9comvega_10comvega_11comvega_12comvega_13comvega_14comvega_15comvega_16comvega_17comvega_18comvega_19comvega_20comvega_21comvega_22comvega_23comvega_24comvega_25comvega_26comvega_27comvega_28comvega_29comvega_30comvega_31comvega_32comvega_33comvega_34comvega_35comvega_36comvega_37comvega_38comvega_39comvega_40comvega_41comvega_42comvega_43comvega_44comvega_45comvega_46comvega_47comvega_48comvega_49comvega_50,73712900,72897890
comvegainramrsbank5comvega_1comvega_2comvega_3comvega_4comvega_5comvega_6comvega_7comvega_8comvega_9comvega_10comvega_11comvega_12comvega_13comvega_14comvega_15comvega_16comvega_17comvega_18comvega_19comvega_20comvega_21comvega_22comvega_23comvega_24comvega_25comvega_26comvega_27comvega_28comvega_29comvega_30comvega_31comvega_32comvega_33comvega_34comvega_35comvega_36comvega_37comvega_38comvega_39comvega_40comvega_41comvega_42comvega_43comvega_44comvega_45comvega_46comvega_47comvega_48comvega_49comvega_50,68840050,71206570
comvegagbpapacbank3comvega_1comvega_2comvega_3comvega_4comvega_5comvega_6comvega_7comvega_8comvega_9comvega_10comvega_11comvega_12comvega_13comvega_14comvega_15comvega_16comvega_17comvega_18comvega_19comvega_20comvega_21comvega_22comvega_23comvega_24comvega_25comvega_26comvega_27comvega_28comvega_29comvega_30comvega_31comvega_32comvega_33comvega_34comvega_35comvega_36comvega_37comvega_38comvega_39comvega_40comvega_41comvega_42comvega_43comvega_44comvega_45comvega_46comvega_47comvega_48comvega_49comvega_50,60052680,46935770
comvegausdapacbank4comvega_1comvega_2comvega_3comvega_4comvega_5comvega_6comvega_7comvega_8comvega_9comvega_10comvega_11comvega_12comvega_13comvega_14comvega_15comvega_16comvega_17comvega_18comvega_19comvega_20comvega_21comvega_22comvega_23comvega_24comvega_25comvega_26comvega_27comvega_28comvega_29comvega_30comvega_31comvega_32comvega_33comvega_34comvega_35comvega_36comvega_37comvega_38comvega_39comvega_40comvega_41comvega_42comvega_43comvega_44comvega_45comvega_46comvega_47comvega_48comvega_49comvega_50,51146730,56081140
comvegasgdemeabank2comvega_1comvega_2comvega_3comvega_4comvega_5comvega_6comvega_7comvega_8comvega_9comvega_10comvega_11comvega_12comvega_13comvega_14comvega_15comvega_16comvega_17comvega_18comvega_19comvega_20comvega_21comvega_22comvega_23comvega_24comvega_25comvega_26comvega_27comvega_28comvega_29comvega_30comvega_31comvega_32comvega_33comvega_34comvega_35comvega_36comvega_37comvega_38comvega_39comvega_40comvega_41comvega_42comvega_43comvega_44comvega_45comvega_46comvega_47comvega_48comvega_49comvega_50,52677360,54018890
comvegachfemeabank1comvega_1comvega_2comvega_3comvega_4comvega_5comvega_6comvega_7comvega_8comvega_9comvega_10comvega_11comvega_12comvega_13comvega_14comvega_15comvega_16comvega_17comvega_18comvega_19comvega_20comvega_21comvega_22comvega_23comvega_24comvega_25comvega_26comvega_27comvega_28comvega_29comvega_30comvega_31comvega_32comvega_33comvega_34comvega_35comvega_36comvega_37comvega_38comvega_39comvega_40comvega_41comvega_42comvega_43comvega_44comvega_45comvega_46comvega_47comvega_48comvega_49comvega_50,52348340,55042130
comvegagbpamrsbank3comvega_1comvega_2comvega_3comvega_4comvega_5comvega_6comvega_7comvega_8comvega_9comvega_10comvega_11comvega_12comvega_13comvega_14comvega_15comvega_16comvega_17comvega_18comvega_19comvega_20comvega_21comvega_22comvega_23comvega_24comvega_25comvega_26comvega_27comvega_28comvega_29comvega_30comvega_31comvega_32comvega_33comvega_34comvega_35comvega_36comvega_37comvega_38comvega_39comvega_40comvega_41comvega_42comvega_43comvega_44comvega_45comvega_46comvega_47comvega_48comvega_49comvega_50,74192710,71463120
comvegasgdapacbank2comvega_1comvega_2comvega_3comvega_4comvega_5comvega_6comvega_7comvega_8comvega_9comvega_10comvega_11comvega_12comvega_13comvega_14comvega_15comvega_16comvega_17comvega_18comvega_19comvega_20comvega_21comvega_22comvega_23comvega_24comvega_25comvega_26comvega_27comvega_28comvega_29comvega_30comvega_31comvega_32comvega_33comvega_34comvega_35comvega_36comvega_37comvega_38comvega_39comvega_40comvega_41comvega_42comvega_43comvega_44comvega_45comvega_46comvega_47comvega_48comvega_49comvega_50,60344640,59699460
commgamagbpapacbank3commgama_1commgama_2commgama_3commgama_4commgama_5commgama_6commgama_7commgama_8commgama_9commgama_10commgama_11commgama_12commgama_13commgama_14commgama_15commgama_16commgama_17commgama_18commgama_19commgama_20commgama_21commgama_22commgama_23commgama_24commgama_25commgama_26commgama_27commgama_28commgama_29commgama_30commgama_31commgama_32commgama_33commgama_34commgama_35commgama_36commgama_37commgama_38commgama_39commgama_40commgama_41commgama_42commgama_43commgama_44commgama_45commgama_46commgama_47commgama_48commgama_49commgama_50,59114760,57010240
commgamausdemeabank4commgama_1commgama_2commgama_3commgama_4commgama_5commgama_6commgama_7commgama_8commgama_9commgama_10commgama_11commgama_12commgama_13commgama_14commgama_15commgama_16commgama_17commgama_18commgama_19commgama_20commgama_21commgama_22commgama_23commgama_24commgama_25commgama_26commgama_27commgama_28commgama_29commgama_30commgama_31commgama_32commgama_33commgama_34commgama_35commgama_36commgama_37commgama_38commgama_39commgama_40commgama_41commgama_42commgama_43commgama_44commgama_45commgama_46commgama_47commgama_48commgama_49commgama_50,53615690,61241040
commgamasgdemeabank2commgama_1commgama_2commgama_3commgama_4commgama_5commgama_6commgama_7commgama_8commgama_9commgama_10commgama_11commgama_12commgama_13commgama_14commgama_15commgama_16commgama_17commgama_18commgama_19commgama_20commgama_21commgama_22commgama_23commgama_24commgama_25commgama_26commgama_27commgama_28commgama_29commgama_30commgama_31commgama_32commgama_33commgama_34commgama_35commgama_36commgama_37commgama_38commgama_39commgama_40commgama_41commgama_42commgama_43commgama_44commgama_45commgama_46commgama_47commgama_48commgama_49commgama_50,56732520,57348960
commgamachfamrsbank1commgama_1commgama_2commgama_3commgama_4commgama_5commgama_6commgama_7commgama_8commgama_9commgama_10commgama_11commgama_12commgama_13commgama_14commgama_15commgama_16commgama_17commgama_18commgama_19commgama_20commgama_21commgama_22commgama_23commgama_24commgama_25commgama_26commgama_27commgama_28commgama_29commgama_30commgama_31commgama_32commgama_33commgama_34commgama_35commgama_36commgama_37commgama_38commgama_39commgama_40commgama_41commgama_42commgama_43commgama_44commgama_45commgama_46commgama_47commgama_48commgama_49commgama_50,71743840,70044250
commgamainramrsbank5commgama_1commgama_2commgama_3commgama_4commgama_5commgama_6commgama_7commgama_8commgama_9commgama_10commgama_11commgama_12commgama_13commgama_14commgama_15commgama_16commgama_17commgama_18commgama_19commgama_20commgama_21commgama_22commgama_23commgama_24commgama_25commgama_26commgama_27commgama_28commgama_29commgama_30commgama_31commgama_32commgama_33commgama_34commgama_35commgama_36commgama_37commgama_38commgama_39commgama_40commgama_41commgama_42commgama_43commgama_44commgama_45commgama_46commgama_47commgama_48commgama_49commgama_50,72927040,72004450
commgamagbpamrsbank3commgama_1commgama_2commgama_3commgama_4commgama_5commgama_6commgama_7commgama_8commgama_9commgama_10commgama_11commgama_12commgama_13commgama_14commgama_15commgama_16commgama_17commgama_18commgama_19commgama_20commgama_21commgama_22commgama_23commgama_24commgama_25commgama_26commgama_27commgama_28commgama_29commgama_30commgama_31commgama_32commgama_33commgama_34commgama_35commgama_36commgama_37commgama_38commgama_39commgama_40commgama_41commgama_42commgama_43commgama_44commgama_45commgama_46commgama_47commgama_48commgama_49commgama_50,66862820,73457530
commgamausdapacbank4commgama_1commgama_2commgama_3commgama_4commgama_5commgama_6commgama_7commgama_8commgama_9commgama_10commgama_11commgama_12commgama_13commgama_14commgama_15commgama_16commgama_17commgama_18commgama_19commgama_20commgama_21commgama_22commgama_23commgama_24commgama_25commgama_26commgama_27commgama_28commgama_29commgama_30commgama_31commgama_32commgama_33commgama_34commgama_35commgama_36commgama_37commgama_38commgama_39commgama_40commgama_41commgama_42commgama_43commgama_44commgama_45commgama_46commgama_47commgama_48commgama_49commgama_50,60565730,62839140
commgamasgdapacbank2commgama_1commgama_2commgama_3commgama_4commgama_5commgama_6commgama_7commgama_8commgama_9commgama_10commgama_11commgama_12commgama_13commgama_14commgama_15commgama_16commgama_17commgama_18commgama_19commgama_20commgama_21commgama_22commgama_23commgama_24commgama_25commgama_26commgama_27commgama_28commgama_29commgama_30commgama_31commgama_32commgama_33commgama_34commgama_35commgama_36commgama_37commgama_38commgama_39commgama_40commgama_41commgama_42commgama_43commgama_44commgama_45commgama_46commgama_47commgama_48commgama_49commgama_50,53546430,53468370
commgamachfemeabank1commgama_1commgama_2commgama_3commgama_4commgama_5commgama_6commgama_7commgama_8commgama_9commgama_10commgama_11commgama_12commgama_13commgama_14commgama_15commgama_16commgama_17commgama_18commgama_19commgama_20commgama_21commgama_22commgama_23commgama_24commgama_25commgama_26commgama_27commgama_28commgama_29commgama_30commgama_31commgama_32commgama_33commgama_34commgama_35commgama_36commgama_37commgama_38commgama_39commgama_40commgama_41commgama_42commgama_43commgama_44commgama_45commgama_46commgama_47commgama_48commgama_49commgama_50,60672620,52641920
commgamainremeabank5commgama_1commgama_2commgama_3commgama_4commgama_5commgama_6commgama_7commgama_8commgama_9commgama_10commgama_11commgama_12commgama_13commgama_14commgama_15commgama_16commgama_17commgama_18commgama_19commgama_20commgama_21commgama_22commgama_23commgama_24commgama_25commgama_26commgama_27commgama_28commgama_29commgama_30commgama_31commgama_32commgama_33commgama_34commgama_35commgama_36commgama_37commgama_38commgama_39commgama_40commgama_41commgama_42commgama_43commgama_44commgama_45commgama_46commgama_47commgama_48commgama_49commgama_50,52652630,50908210
commgamausdamrsbank4commgama_1commgama_2commgama_3commgama_4commgama_5commgama_6commgama_7commgama_8commgama_9commgama_10commgama_11commgama_12commgama_13commgama_14commgama_15commgama_16commgama_17commgama_18commgama_19commgama_20commgama_21commgama_22commgama_23commgama_24commgama_25commgama_26commgama_27commgama_28commgama_29commgama_30commgama_31commgama_32commgama_33commgama_34commgama_35commgama_36commgama_37commgama_38commgama_39commgama_40commgama_41commgama_42commgama_43commgama_44commgama_45commgama_46commgama_47commgama_48commgama_49commgama_50,73486800,76883540
commgamachfapacbank1commgama_1commgama_2commgama_3commgama_4commgama_5commgama_6commgama_7commgama_8commgama_9commgama_10commgama_11commgama_12commgama_13commgama_14commgama_15commgama_16commgama_17commgama_18commgama_19commgama_20commgama_21commgama_22commgama_23commgama_24commgama_25commgama_26commgama_27commgama_28commgama_29commgama_30commgama_31commgama_32commgama_33commgama_34commgama_35commgama_36commgama_37commgama_38commgama_39commgama_40commgama_41commgama_42commgama_43commgama_44commgama_45commgama_46commgama_47commgama_48commgama_49commgama_50,60940500,56937600
commgamagbpemeabank3commgama_1commgama_2commgama_3commgama_4commgama_5commgama_6commgama_7commgama_8commgama_9commgama_10commgama_11commgama_12commgama_13commgama_14commgama_15commgama_16commgama_17commgama_18commgama_19commgama_20commgama_21commgama_22commgama_23commgama_24commgama_25commgama_26commgama_27commgama_28commgama_29commgama_30commgama_31commgama_32commgama_33commgama_34commgama_35commgama_36commgama_37commgama_38commgama_39commgama_40commgama_41commgama_42commgama_43commgama_44commgama_45commgama_46commgama_47commgama_48commgama_49commgama_50,56678150,53814150
commgamasgdamrsbank2commgama_1commgama_2commgama_3commgama_4commgama_5commgama_6commgama_7commgama_8commgama_9commgama_10commgama_11commgama_12commgama_13commgama_14commgama_15commgama_16commgama_17commgama_18commgama_19commgama_20commgama_21commgama_22commgama_23commgama_24commgama_25commgama_26commgama_27commgama_28commgama_29commgama_30commgama_31commgama_32commgama_33commgama_34commgama_35commgama_36commgama_37commgama_38commgama_39commgama_40commgama_41commgama_42commgama_43commgama_44commgama_45commgama_46commgama_47commgama_48commgama_49commgama_50,72488600,72745330
commgamainrapacbank5commgama_1commgama_2commgama_3commgama_4commgama_5commgama_6commgama_7commgama_8commgama_9commgama_10commgama_11commgama_12commgama_13commgama_14commgama_15commgama_16commgama_17commgama_18commgama_19commgama_20commgama_21commgama_22commgama_23commgama_24commgama_25commgama_26commgama_27commgama_28commgama_29commgama_30commgama_31commgama_32commgama_33commgama_34commgama_35commgama_36commgama_37commgama_38commgama_39commgama_40commgama_41commgama_42commgama_43commgama_44commgama_45commgama_46commgama_47commgama_48commgama_49commgama_50,56352780,50519170
commdeltausdamrsbank4commdelta_1commdelta_2commdelta_3commdelta_4commdelta_5commdelta_6commdelta_7commdelta_8commdelta_9commdelta_10commdelta_11commdelta_12commdelta_13commdelta_14commdelta_15commdelta_16commdelta_17commdelta_18commdelta_19commdelta_20commdelta_21commdelta_22commdelta_23commdelta_24commdelta_25commdelta_26commdelta_27commdelta_28commdelta_29commdelta_30commdelta_31commdelta_32commdelta_33commdelta_34commdelta_35commdelta_36commdelta_37commdelta_38commdelta_39commdelta_40commdelta_41commdelta_42commdelta_43commdelta_44commdelta_45commdelta_46commdelta_47commdelta_48commdelta_49commdelta_50,71928000,71079710
fxgammasgdemeabank2fxgamma_1fxgamma_2fxgamma_3fxgamma_4fxgamma_5fxgamma_6fxgamma_7fxgamma_8fxgamma_9fxgamma_10fxgamma_11fxgamma_12fxgamma_13fxgamma_14fxgamma_15fxgamma_16fxgamma_17fxgamma_18fxgamma_19fxgamma_20fxgamma_21fxgamma_22fxgamma_23fxgamma_24fxgamma_25fxgamma_26fxgamma_27fxgamma_28fxgamma_29fxgamma_30fxgamma_31fxgamma_32fxgamma_33fxgamma_34fxgamma_35fxgamma_36fxgamma_37fxgamma_38fxgamma_39fxgamma_40fxgamma_41fxgamma_42fxgamma_43fxgamma_44fxgamma_45fxgamma_46fxgamma_47fxgamma_48fxgamma_49fxgamma_50,56401110,55623300
commdeltasgdapacbank2commdelta_1commdelta_2commdelta_3commdelta_4commdelta_5commdelta_6commdelta_7commdelta_8commdelta_9commdelta_10commdelta_11commdelta_12commdelta_13commdelta_14commdelta_15commdelta_16commdelta_17commdelta_18commdelta_19commdelta_20commdelta_21commdelta_22commdelta_23commdelta_24commdelta_25commdelta_26commdelta_27commdelta_28commdelta_29commdelta_30commdelta_31commdelta_32commdelta_33commdelta_34commdelta_35commdelta_36commdelta_37commdelta_38commdelta_39commdelta_40commdelta_41commdelta_42commdelta_43commdelta_44commdelta_45commdelta_46commdelta_47commdelta_48commdelta_49commdelta_50,54201710,50489430
fxgammachfamrsbank1fxgamma_1fxgamma_2fxgamma_3fxgamma_4fxgamma_5fxgamma_6fxgamma_7fxgamma_8fxgamma_9fxgamma_10fxgamma_11fxgamma_12fxgamma_13fxgamma_14fxgamma_15fxgamma_16fxgamma_17fxgamma_18fxgamma_19fxgamma_20fxgamma_21fxgamma_22fxgamma_23fxgamma_24fxgamma_25fxgamma_26fxgamma_27fxgamma_28fxgamma_29fxgamma_30fxgamma_31fxgamma_32fxgamma_33fxgamma_34fxgamma_35fxgamma_36fxgamma_37fxgamma_38fxgamma_39fxgamma_40fxgamma_41fxgamma_42fxgamma_43fxgamma_44fxgamma_45fxgamma_46fxgamma_47fxgamma_48fxgamma_49fxgamma_50,76645180,70912400
commdeltachfapacbank1commdelta_1commdelta_2commdelta_3commdelta_4commdelta_5commdelta_6commdelta_7commdelta_8commdelta_9commdelta_10commdelta_11commdelta_12commdelta_13commdelta_14commdelta_15commdelta_16commdelta_17commdelta_18commdelta_19commdelta_20commdelta_21commdelta_22commdelta_23commdelta_24commdelta_25commdelta_26commdelta_27commdelta_28commdelta_29commdelta_30commdelta_31commdelta_32commdelta_33commdelta_34commdelta_35commdelta_36commdelta_37commdelta_38commdelta_39commdelta_40commdelta_41commdelta_42commdelta_43commdelta_44commdelta_45commdelta_46commdelta_47commdelta_48commdelta_49commdelta_50,62068340,59303290
fxgammainramrsbank5fxgamma_1fxgamma_2fxgamma_3fxgamma_4fxgamma_5fxgamma_6fxgamma_7fxgamma_8fxgamma_9fxgamma_10fxgamma_11fxgamma_12fxgamma_13fxgamma_14fxgamma_15fxgamma_16fxgamma_17fxgamma_18fxgamma_19fxgamma_20fxgamma_21fxgamma_22fxgamma_23fxgamma_24fxgamma_25fxgamma_26fxgamma_27fxgamma_28fxgamma_29fxgamma_30fxgamma_31fxgamma_32fxgamma_33fxgamma_34fxgamma_35fxgamma_36fxgamma_37fxgamma_38fxgamma_39fxgamma_40fxgamma_41fxgamma_42fxgamma_43fxgamma_44fxgamma_45fxgamma_46fxgamma_47fxgamma_48fxgamma_49fxgamma_50,69000980,76015160
commdeltainremeabank5commdelta_1commdelta_2commdelta_3commdelta_4commdelta_5commdelta_6commdelta_7commdelta_8commdelta_9commdelta_10commdelta_11commdelta_12commdelta_13commdelta_14commdelta_15commdelta_16commdelta_17commdelta_18commdelta_19commdelta_20commdelta_21commdelta_22commdelta_23commdelta_24commdelta_25commdelta_26commdelta_27commdelta_28commdelta_29commdelta_30commdelta_31commdelta_32commdelta_33commdelta_34commdelta_35commdelta_36commdelta_37commdelta_38commdelta_39commdelta_40commdelta_41commdelta_42commdelta_43commdelta_44commdelta_45commdelta_46commdelta_47commdelta_48commdelta_49commdelta_50,56953640,57829820
fxgammagbpapacbank3fxgamma_1fxgamma_2fxgamma_3fxgamma_4fxgamma_5fxgamma_6fxgamma_7fxgamma_8fxgamma_9fxgamma_10fxgamma_11fxgamma_12fxgamma_13fxgamma_14fxgamma_15fxgamma_16fxgamma_17fxgamma_18fxgamma_19fxgamma_20fxgamma_21fxgamma_22fxgamma_23fxgamma_24fxgamma_25fxgamma_26fxgamma_27fxgamma_28fxgamma_29fxgamma_30fxgamma_31fxgamma_32fxgamma_33fxgamma_34fxgamma_35fxgamma_36fxgamma_37fxgamma_38fxgamma_39fxgamma_40fxgamma_41fxgamma_42fxgamma_43fxgamma_44fxgamma_45fxgamma_46fxgamma_47fxgamma_48fxgamma_49fxgamma_50,55113720,54646340
commdeltagbpemeabank3commdelta_1commdelta_2commdelta_3commdelta_4commdelta_5commdelta_6commdelta_7commdelta_8commdelta_9commdelta_10commdelta_11commdelta_12commdelta_13commdelta_14commdelta_15commdelta_16commdelta_17commdelta_18commdelta_19commdelta_20commdelta_21commdelta_22commdelta_23commdelta_24commdelta_25commdelta_26commdelta_27commdelta_28commdelta_29commdelta_30commdelta_31commdelta_32commdelta_33commdelta_34commdelta_35commdelta_36commdelta_37commdelta_38commdelta_39commdelta_40commdelta_41commdelta_42commdelta_43commdelta_44commdelta_45commdelta_46commdelta_47commdelta_48commdelta_49commdelta_50,58266090,59212290
fxgammausdapacbank4fxgamma_1fxgamma_2fxgamma_3fxgamma_4fxgamma_5fxgamma_6fxgamma_7fxgamma_8fxgamma_9fxgamma_10fxgamma_11fxgamma_12fxgamma_13fxgamma_14fxgamma_15fxgamma_16fxgamma_17fxgamma_18fxgamma_19fxgamma_20fxgamma_21fxgamma_22fxgamma_23fxgamma_24fxgamma_25fxgamma_26fxgamma_27fxgamma_28fxgamma_29fxgamma_30fxgamma_31fxgamma_32fxgamma_33fxgamma_34fxgamma_35fxgamma_36fxgamma_37fxgamma_38fxgamma_39fxgamma_40fxgamma_41fxgamma_42fxgamma_43fxgamma_44fxgamma_45fxgamma_46fxgamma_47fxgamma_48fxgamma_49fxgamma_50,53967040,56091560
commdeltasgdamrsbank2commdelta_1commdelta_2commdelta_3commdelta_4commdelta_5commdelta_6commdelta_7commdelta_8commdelta_9commdelta_10commdelta_11commdelta_12commdelta_13commdelta_14commdelta_15commdelta_16commdelta_17commdelta_18commdelta_19commdelta_20commdelta_21commdelta_22commdelta_23commdelta_24commdelta_25commdelta_26commdelta_27commdelta_28commdelta_29commdelta_30commdelta_31commdelta_32commdelta_33commdelta_34commdelta_35commdelta_36commdelta_37commdelta_38commdelta_39commdelta_40commdelta_41commdelta_42commdelta_43commdelta_44commdelta_45commdelta_46commdelta_47commdelta_48commdelta_49commdelta_50,68226080,77936500
fxgammachfemeabank1fxgamma_1fxgamma_2fxgamma_3fxgamma_4fxgamma_5fxgamma_6fxgamma_7fxgamma_8fxgamma_9fxgamma_10fxgamma_11fxgamma_12fxgamma_13fxgamma_14fxgamma_15fxgamma_16fxgamma_17fxgamma_18fxgamma_19fxgamma_20fxgamma_21fxgamma_22fxgamma_23fxgamma_24fxgamma_25fxgamma_26fxgamma_27fxgamma_28fxgamma_29fxgamma_30fxgamma_31fxgamma_32fxgamma_33fxgamma_34fxgamma_35fxgamma_36fxgamma_37fxgamma_38fxgamma_39fxgamma_40fxgamma_41fxgamma_42fxgamma_43fxgamma_44fxgamma_45fxgamma_46fxgamma_47fxgamma_48fxgamma_49fxgamma_50,56476510,63189840
commdeltachfamrsbank1commdelta_1commdelta_2commdelta_3commdelta_4commdelta_5commdelta_6commdelta_7commdelta_8commdelta_9commdelta_10commdelta_11commdelta_12commdelta_13commdelta_14commdelta_15commdelta_16commdelta_17commdelta_18commdelta_19commdelta_20commdelta_21commdelta_22commdelta_23commdelta_24commdelta_25commdelta_26commdelta_27commdelta_28commdelta_29commdelta_30commdelta_31commdelta_32commdelta_33commdelta_34commdelta_35commdelta_36commdelta_37commdelta_38commdelta_39commdelta_40commdelta_41commdelta_42commdelta_43commdelta_44commdelta_45commdelta_46commdelta_47commdelta_48commdelta_49commdelta_50,67406650,72426200
commdeltainrapacbank5commdelta_1commdelta_2commdelta_3commdelta_4commdelta_5commdelta_6commdelta_7commdelta_8commdelta_9commdelta_10commdelta_11commdelta_12commdelta_13commdelta_14commdelta_15commdelta_16commdelta_17commdelta_18commdelta_19commdelta_20commdelta_21commdelta_22commdelta_23commdelta_24commdelta_25commdelta_26commdelta_27commdelta_28commdelta_29commdelta_30commdelta_31commdelta_32commdelta_33commdelta_34commdelta_35commdelta_36commdelta_37commdelta_38commdelta_39commdelta_40commdelta_41commdelta_42commdelta_43commdelta_44commdelta_45commdelta_46commdelta_47commdelta_48commdelta_49commdelta_50,55955540,59218370
fxgammagbpamrsbank3fxgamma_1fxgamma_2fxgamma_3fxgamma_4fxgamma_5fxgamma_6fxgamma_7fxgamma_8fxgamma_9fxgamma_10fxgamma_11fxgamma_12fxgamma_13fxgamma_14fxgamma_15fxgamma_16fxgamma_17fxgamma_18fxgamma_19fxgamma_20fxgamma_21fxgamma_22fxgamma_23fxgamma_24fxgamma_25fxgamma_26fxgamma_27fxgamma_28fxgamma_29fxgamma_30fxgamma_31fxgamma_32fxgamma_33fxgamma_34fxgamma_35fxgamma_36fxgamma_37fxgamma_38fxgamma_39fxgamma_40fxgamma_41fxgamma_42fxgamma_43fxgamma_44fxgamma_45fxgamma_46fxgamma_47fxgamma_48fxgamma_49fxgamma_50,75433920,73564840
commdeltagbpapacbank3commdelta_1commdelta_2commdelta_3commdelta_4commdelta_5commdelta_6commdelta_7commdelta_8commdelta_9commdelta_10commdelta_11commdelta_12commdelta_13commdelta_14commdelta_15commdelta_16commdelta_17commdelta_18commdelta_19commdelta_20commdelta_21commdelta_22commdelta_23commdelta_24commdelta_25commdelta_26commdelta_27commdelta_28commdelta_29commdelta_30commdelta_31commdelta_32commdelta_33commdelta_34commdelta_35commdelta_36commdelta_37commdelta_38commdelta_39commdelta_40commdelta_41commdelta_42commdelta_43commdelta_44commdelta_45commdelta_46commdelta_47commdelta_48commdelta_49commdelta_50,49114550,59750610
fxgammausdamrsbank4fxgamma_1fxgamma_2fxgamma_3fxgamma_4fxgamma_5fxgamma_6fxgamma_7fxgamma_8fxgamma_9fxgamma_10fxgamma_11fxgamma_12fxgamma_13fxgamma_14fxgamma_15fxgamma_16fxgamma_17fxgamma_18fxgamma_19fxgamma_20fxgamma_21fxgamma_22fxgamma_23fxgamma_24fxgamma_25fxgamma_26fxgamma_27fxgamma_28fxgamma_29fxgamma_30fxgamma_31fxgamma_32fxgamma_33fxgamma_34fxgamma_35fxgamma_36fxgamma_37fxgamma_38fxgamma_39fxgamma_40fxgamma_41fxgamma_42fxgamma_43fxgamma_44fxgamma_45fxgamma_46fxgamma_47fxgamma_48fxgamma_49fxgamma_50,69372880,68118530
commdeltausdemeabank4commdelta_1commdelta_2commdelta_3commdelta_4commdelta_5commdelta_6commdelta_7commdelta_8commdelta_9commdelta_10commdelta_11commdelta_12commdelta_13commdelta_14commdelta_15commdelta_16commdelta_17commdelta_18commdelta_19commdelta_20commdelta_21commdelta_22commdelta_23commdelta_24commdelta_25commdelta_26commdelta_27commdelta_28commdelta_29commdelta_30commdelta_31commdelta_32commdelta_33commdelta_34commdelta_35commdelta_36commdelta_37commdelta_38commdelta_39commdelta_40commdelta_41commdelta_42commdelta_43commdelta_44commdelta_45commdelta_46commdelta_47commdelta_48commdelta_49commdelta_50,58142890,56363600
fxgammasgdapacbank2fxgamma_1fxgamma_2fxgamma_3fxgamma_4fxgamma_5fxgamma_6fxgamma_7fxgamma_8fxgamma_9fxgamma_10fxgamma_11fxgamma_12fxgamma_13fxgamma_14fxgamma_15fxgamma_16fxgamma_17fxgamma_18fxgamma_19fxgamma_20fxgamma_21fxgamma_22fxgamma_23fxgamma_24fxgamma_25fxgamma_26fxgamma_27fxgamma_28fxgamma_29fxgamma_30fxgamma_31fxgamma_32fxgamma_33fxgamma_34fxgamma_35fxgamma_36fxgamma_37fxgamma_38fxgamma_39fxgamma_40fxgamma_41fxgamma_42fxgamma_43fxgamma_44fxgamma_45fxgamma_46fxgamma_47fxgamma_48fxgamma_49fxgamma_50,58008300,57669260
commdeltasgdemeabank2commdelta_1commdelta_2commdelta_3commdelta_4commdelta_5commdelta_6commdelta_7commdelta_8commdelta_9commdelta_10commdelta_11commdelta_12commdelta_13commdelta_14commdelta_15commdelta_16commdelta_17commdelta_18commdelta_19commdelta_20commdelta_21commdelta_22commdelta_23commdelta_24commdelta_25commdelta_26commdelta_27commdelta_28commdelta_29commdelta_30commdelta_31commdelta_32commdelta_33commdelta_34commdelta_35commdelta_36commdelta_37commdelta_38commdelta_39commdelta_40commdelta_41commdelta_42commdelta_43commdelta_44commdelta_45commdelta_46commdelta_47commdelta_48commdelta_49commdelta_50,57880440,57488910
fxgammachfapacbank1fxgamma_1fxgamma_2fxgamma_3fxgamma_4fxgamma_5fxgamma_6fxgamma_7fxgamma_8fxgamma_9fxgamma_10fxgamma_11fxgamma_12fxgamma_13fxgamma_14fxgamma_15fxgamma_16fxgamma_17fxgamma_18fxgamma_19fxgamma_20fxgamma_21fxgamma_22fxgamma_23fxgamma_24fxgamma_25fxgamma_26fxgamma_27fxgamma_28fxgamma_29fxgamma_30fxgamma_31fxgamma_32fxgamma_33fxgamma_34fxgamma_35fxgamma_36fxgamma_37fxgamma_38fxgamma_39fxgamma_40fxgamma_41fxgamma_42fxgamma_43fxgamma_44fxgamma_45fxgamma_46fxgamma_47fxgamma_48fxgamma_49fxgamma_50,55416990,54047040
fxgammainremeabank5fxgamma_1fxgamma_2fxgamma_3fxgamma_4fxgamma_5fxgamma_6fxgamma_7fxgamma_8fxgamma_9fxgamma_10fxgamma_11fxgamma_12fxgamma_13fxgamma_14fxgamma_15fxgamma_16fxgamma_17fxgamma_18fxgamma_19fxgamma_20fxgamma_21fxgamma_22fxgamma_23fxgamma_24fxgamma_25fxgamma_26fxgamma_27fxgamma_28fxgamma_29fxgamma_30fxgamma_31fxgamma_32fxgamma_33fxgamma_34fxgamma_35fxgamma_36fxgamma_37fxgamma_38fxgamma_39fxgamma_40fxgamma_41fxgamma_42fxgamma_43fxgamma_44fxgamma_45fxgamma_46fxgamma_47fxgamma_48fxgamma_49fxgamma_50,61540830,60975640
commdeltainramrsbank5commdelta_1commdelta_2commdelta_3commdelta_4commdelta_5commdelta_6commdelta_7commdelta_8commdelta_9commdelta_10commdelta_11commdelta_12commdelta_13commdelta_14commdelta_15commdelta_16commdelta_17commdelta_18commdelta_19commdelta_20commdelta_21commdelta_22commdelta_23commdelta_24commdelta_25commdelta_26commdelta_27commdelta_28commdelta_29commdelta_30commdelta_31commdelta_32commdelta_33commdelta_34commdelta_35commdelta_36commdelta_37commdelta_38commdelta_39commdelta_40commdelta_41commdelta_42commdelta_43commdelta_44commdelta_45commdelta_46commdelta_47commdelta_48commdelta_49commdelta_50,68770400,78795200
fxgammagbpemeabank3fxgamma_1fxgamma_2fxgamma_3fxgamma_4fxgamma_5fxgamma_6fxgamma_7fxgamma_8fxgamma_9fxgamma_10fxgamma_11fxgamma_12fxgamma_13fxgamma_14fxgamma_15fxgamma_16fxgamma_17fxgamma_18fxgamma_19fxgamma_20fxgamma_21fxgamma_22fxgamma_23fxgamma_24fxgamma_25fxgamma_26fxgamma_27fxgamma_28fxgamma_29fxgamma_30fxgamma_31fxgamma_32fxgamma_33fxgamma_34fxgamma_35fxgamma_36fxgamma_37fxgamma_38fxgamma_39fxgamma_40fxgamma_41fxgamma_42fxgamma_43fxgamma_44fxgamma_45fxgamma_46fxgamma_47fxgamma_48fxgamma_49fxgamma_50,52960840,56366450
commdeltausdapacbank4commdelta_1commdelta_2commdelta_3commdelta_4commdelta_5commdelta_6commdelta_7commdelta_8commdelta_9commdelta_10commdelta_11commdelta_12commdelta_13commdelta_14commdelta_15commdelta_16commdelta_17commdelta_18commdelta_19commdelta_20commdelta_21commdelta_22commdelta_23commdelta_24commdelta_25commdelta_26commdelta_27commdelta_28commdelta_29commdelta_30commdelta_31commdelta_32commdelta_33commdelta_34commdelta_35commdelta_36commdelta_37commdelta_38commdelta_39commdelta_40commdelta_41commdelta_42commdelta_43commdelta_44commdelta_45commdelta_46commdelta_47commdelta_48commdelta_49commdelta_50,61493950,57823610
fxgammasgdamrsbank2fxgamma_1fxgamma_2fxgamma_3fxgamma_4fxgamma_5fxgamma_6fxgamma_7fxgamma_8fxgamma_9fxgamma_10fxgamma_11fxgamma_12fxgamma_13fxgamma_14fxgamma_15fxgamma_16fxgamma_17fxgamma_18fxgamma_19fxgamma_20fxgamma_21fxgamma_22fxgamma_23fxgamma_24fxgamma_25fxgamma_26fxgamma_27fxgamma_28fxgamma_29fxgamma_30fxgamma_31fxgamma_32fxgamma_33fxgamma_34fxgamma_35fxgamma_36fxgamma_37fxgamma_38fxgamma_39fxgamma_40fxgamma_41fxgamma_42fxgamma_43fxgamma_44fxgamma_45fxgamma_46fxgamma_47fxgamma_48fxgamma_49fxgamma_50,65950210,69792790
commdeltachfemeabank1commdelta_1commdelta_2commdelta_3commdelta_4commdelta_5commdelta_6commdelta_7commdelta_8commdelta_9commdelta_10commdelta_11commdelta_12commdelta_13commdelta_14commdelta_15commdelta_16commdelta_17commdelta_18commdelta_19commdelta_20commdelta_21commdelta_22commdelta_23commdelta_24commdelta_25commdelta_26commdelta_27commdelta_28commdelta_29commdelta_30commdelta_31commdelta_32commdelta_33commdelta_34commdelta_35commdelta_36commdelta_37commdelta_38commdelta_39commdelta_40commdelta_41commdelta_42commdelta_43commdelta_44commdelta_45commdelta_46commdelta_47commdelta_48commdelta_49commdelta_50,57362720,59843570
fxgammainrapacbank5fxgamma_1fxgamma_2fxgamma_3fxgamma_4fxgamma_5fxgamma_6fxgamma_7fxgamma_8fxgamma_9fxgamma_10fxgamma_11fxgamma_12fxgamma_13fxgamma_14fxgamma_15fxgamma_16fxgamma_17fxgamma_18fxgamma_19fxgamma_20fxgamma_21fxgamma_22fxgamma_23fxgamma_24fxgamma_25fxgamma_26fxgamma_27fxgamma_28fxgamma_29fxgamma_30fxgamma_31fxgamma_32fxgamma_33fxgamma_34fxgamma_35fxgamma_36fxgamma_37fxgamma_38fxgamma_39fxgamma_40fxgamma_41fxgamma_42fxgamma_43fxgamma_44fxgamma_45fxgamma_46fxgamma_47fxgamma_48fxgamma_49fxgamma_50,58236100,55699970
commdeltagbpamrsbank3commdelta_1commdelta_2commdelta_3commdelta_4commdelta_5commdelta_6commdelta_7commdelta_8commdelta_9commdelta_10commdelta_11commdelta_12commdelta_13commdelta_14commdelta_15commdelta_16commdelta_17commdelta_18commdelta_19commdelta_20commdelta_21commdelta_22commdelta_23commdelta_24commdelta_25commdelta_26commdelta_27commdelta_28commdelta_29commdelta_30commdelta_31commdelta_32commdelta_33commdelta_34commdelta_35commdelta_36commdelta_37commdelta_38commdelta_39commdelta_40commdelta_41commdelta_42commdelta_43commdelta_44commdelta_45commdelta_46commdelta_47commdelta_48commdelta_49commdelta_50,71769480,68402350
fxgammausdemeabank4fxgamma_1fxgamma_2fxgamma_3fxgamma_4fxgamma_5fxgamma_6fxgamma_7fxgamma_8fxgamma_9fxgamma_10fxgamma_11fxgamma_12fxgamma_13fxgamma_14fxgamma_15fxgamma_16fxgamma_17fxgamma_18fxgamma_19fxgamma_20fxgamma_21fxgamma_22fxgamma_23fxgamma_24fxgamma_25fxgamma_26fxgamma_27fxgamma_28fxgamma_29fxgamma_30fxgamma_31fxgamma_32fxgamma_33fxgamma_34fxgamma_35fxgamma_36fxgamma_37fxgamma_38fxgamma_39fxgamma_40fxgamma_41fxgamma_42fxgamma_43fxgamma_44fxgamma_45fxgamma_46fxgamma_47fxgamma_48fxgamma_49fxgamma_50,58548870,55887900
fxdeltagbpamrsbank3fxdelta_1fxdelta_2fxdelta_3fxdelta_4fxdelta_5fxdelta_6fxdelta_7fxdelta_8fxdelta_9fxdelta_10fxdelta_11fxdelta_12fxdelta_13fxdelta_14fxdelta_15fxdelta_16fxdelta_17fxdelta_18fxdelta_19fxdelta_20fxdelta_21fxdelta_22fxdelta_23fxdelta_24fxdelta_25fxdelta_26fxdelta_27fxdelta_28fxdelta_29fxdelta_30fxdelta_31fxdelta_32fxdelta_33fxdelta_34fxdelta_35fxdelta_36fxdelta_37fxdelta_38fxdelta_39fxdelta_40fxdelta_41fxdelta_42fxdelta_43fxdelta_44fxdelta_45fxdelta_46fxdelta_47fxdelta_48fxdelta_49fxdelta_50,58367290,59728860
irgammausdemeabank4irgamma_1irgamma_2irgamma_3irgamma_4irgamma_5irgamma_6irgamma_7irgamma_8irgamma_9irgamma_10irgamma_11irgamma_12irgamma_13irgamma_14irgamma_15irgamma_16irgamma_17irgamma_18irgamma_19irgamma_20irgamma_21irgamma_22irgamma_23irgamma_24irgamma_25irgamma_26irgamma_27irgamma_28irgamma_29irgamma_30irgamma_31irgamma_32irgamma_33irgamma_34irgamma_35irgamma_36irgamma_37irgamma_38irgamma_39irgamma_40irgamma_41irgamma_42irgamma_43irgamma_44irgamma_45irgamma_46irgamma_47irgamma_48irgamma_49irgamma_50,68580330,71040320
fxdeltausdapacbank4fxdelta_1fxdelta_2fxdelta_3fxdelta_4fxdelta_5fxdelta_6fxdelta_7fxdelta_8fxdelta_9fxdelta_10fxdelta_11fxdelta_12fxdelta_13fxdelta_14fxdelta_15fxdelta_16fxdelta_17fxdelta_18fxdelta_19fxdelta_20fxdelta_21fxdelta_22fxdelta_23fxdelta_24fxdelta_25fxdelta_26fxdelta_27fxdelta_28fxdelta_29fxdelta_30fxdelta_31fxdelta_32fxdelta_33fxdelta_34fxdelta_35fxdelta_36fxdelta_37fxdelta_38fxdelta_39fxdelta_40fxdelta_41fxdelta_42fxdelta_43fxdelta_44fxdelta_45fxdelta_46fxdelta_47fxdelta_48fxdelta_49fxdelta_50,56526370,59615880
irgammasgdamrsbank2irgamma_1irgamma_2irgamma_3irgamma_4irgamma_5irgamma_6irgamma_7irgamma_8irgamma_9irgamma_10irgamma_11irgamma_12irgamma_13irgamma_14irgamma_15irgamma_16irgamma_17irgamma_18irgamma_19irgamma_20irgamma_21irgamma_22irgamma_23irgamma_24irgamma_25irgamma_26irgamma_27irgamma_28irgamma_29irgamma_30irgamma_31irgamma_32irgamma_33irgamma_34irgamma_35irgamma_36irgamma_37irgamma_38irgamma_39irgamma_40irgamma_41irgamma_42irgamma_43irgamma_44irgamma_45irgamma_46irgamma_47irgamma_48irgamma_49irgamma_50,59964900,53531650
fxdeltasgdapacbank2fxdelta_1fxdelta_2fxdelta_3fxdelta_4fxdelta_5fxdelta_6fxdelta_7fxdelta_8fxdelta_9fxdelta_10fxdelta_11fxdelta_12fxdelta_13fxdelta_14fxdelta_15fxdelta_16fxdelta_17fxdelta_18fxdelta_19fxdelta_20fxdelta_21fxdelta_22fxdelta_23fxdelta_24fxdelta_25fxdelta_26fxdelta_27fxdelta_28fxdelta_29fxdelta_30fxdelta_31fxdelta_32fxdelta_33fxdelta_34fxdelta_35fxdelta_36fxdelta_37fxdelta_38fxdelta_39fxdelta_40fxdelta_41fxdelta_42fxdelta_43fxdelta_44fxdelta_45fxdelta_46fxdelta_47fxdelta_48fxdelta_49fxdelta_50,60046720,63247620
irgammachfamrsbank1irgamma_1irgamma_2irgamma_3irgamma_4irgamma_5irgamma_6irgamma_7irgamma_8irgamma_9irgamma_10irgamma_11irgamma_12irgamma_13irgamma_14irgamma_15irgamma_16irgamma_17irgamma_18irgamma_19irgamma_20irgamma_21irgamma_22irgamma_23irgamma_24irgamma_25irgamma_26irgamma_27irgamma_28irgamma_29irgamma_30irgamma_31irgamma_32irgamma_33irgamma_34irgamma_35irgamma_36irgamma_37irgamma_38irgamma_39irgamma_40irgamma_41irgamma_42irgamma_43irgamma_44irgamma_45irgamma_46irgamma_47irgamma_48irgamma_49irgamma_50,59173100,62858000
fxdeltachfemeabank1fxdelta_1fxdelta_2fxdelta_3fxdelta_4fxdelta_5fxdelta_6fxdelta_7fxdelta_8fxdelta_9fxdelta_10fxdelta_11fxdelta_12fxdelta_13fxdelta_14fxdelta_15fxdelta_16fxdelta_17fxdelta_18fxdelta_19fxdelta_20fxdelta_21fxdelta_22fxdelta_23fxdelta_24fxdelta_25fxdelta_26fxdelta_27fxdelta_28fxdelta_29fxdelta_30fxdelta_31fxdelta_32fxdelta_33fxdelta_34fxdelta_35fxdelta_36fxdelta_37fxdelta_38fxdelta_39fxdelta_40fxdelta_41fxdelta_42fxdelta_43fxdelta_44fxdelta_45fxdelta_46fxdelta_47fxdelta_48fxdelta_49fxdelta_50,73465270,69265440
irgammainrapacbank5irgamma_1irgamma_2irgamma_3irgamma_4irgamma_5irgamma_6irgamma_7irgamma_8irgamma_9irgamma_10irgamma_11irgamma_12irgamma_13irgamma_14irgamma_15irgamma_16irgamma_17irgamma_18irgamma_19irgamma_20irgamma_21irgamma_22irgamma_23irgamma_24irgamma_25irgamma_26irgamma_27irgamma_28irgamma_29irgamma_30irgamma_31irgamma_32irgamma_33irgamma_34irgamma_35irgamma_36irgamma_37irgamma_38irgamma_39irgamma_40irgamma_41irgamma_42irgamma_43irgamma_44irgamma_45irgamma_46irgamma_47irgamma_48irgamma_49irgamma_50,60356940,59140830
fxdeltainremeabank5fxdelta_1fxdelta_2fxdelta_3fxdelta_4fxdelta_5fxdelta_6fxdelta_7fxdelta_8fxdelta_9fxdelta_10fxdelta_11fxdelta_12fxdelta_13fxdelta_14fxdelta_15fxdelta_16fxdelta_17fxdelta_18fxdelta_19fxdelta_20fxdelta_21fxdelta_22fxdelta_23fxdelta_24fxdelta_25fxdelta_26fxdelta_27fxdelta_28fxdelta_29fxdelta_30fxdelta_31fxdelta_32fxdelta_33fxdelta_34fxdelta_35fxdelta_36fxdelta_37fxdelta_38fxdelta_39fxdelta_40fxdelta_41fxdelta_42fxdelta_43fxdelta_44fxdelta_45fxdelta_46fxdelta_47fxdelta_48fxdelta_49fxdelta_50,76978570,75200940
irgammagbpapacbank3irgamma_1irgamma_2irgamma_3irgamma_4irgamma_5irgamma_6irgamma_7irgamma_8irgamma_9irgamma_10irgamma_11irgamma_12irgamma_13irgamma_14irgamma_15irgamma_16irgamma_17irgamma_18irgamma_19irgamma_20irgamma_21irgamma_22irgamma_23irgamma_24irgamma_25irgamma_26irgamma_27irgamma_28irgamma_29irgamma_30irgamma_31irgamma_32irgamma_33irgamma_34irgamma_35irgamma_36irgamma_37irgamma_38irgamma_39irgamma_40irgamma_41irgamma_42irgamma_43irgamma_44irgamma_45irgamma_46irgamma_47irgamma_48irgamma_49irgamma_50,53346430,62469820
fxdeltausdamrsbank4fxdelta_1fxdelta_2fxdelta_3fxdelta_4fxdelta_5fxdelta_6fxdelta_7fxdelta_8fxdelta_9fxdelta_10fxdelta_11fxdelta_12fxdelta_13fxdelta_14fxdelta_15fxdelta_16fxdelta_17fxdelta_18fxdelta_19fxdelta_20fxdelta_21fxdelta_22fxdelta_23fxdelta_24fxdelta_25fxdelta_26fxdelta_27fxdelta_28fxdelta_29fxdelta_30fxdelta_31fxdelta_32fxdelta_33fxdelta_34fxdelta_35fxdelta_36fxdelta_37fxdelta_38fxdelta_39fxdelta_40fxdelta_41fxdelta_42fxdelta_43fxdelta_44fxdelta_45fxdelta_46fxdelta_47fxdelta_48fxdelta_49fxdelta_50,60698380,60166800
irgammasgdemeabank2irgamma_1irgamma_2irgamma_3irgamma_4irgamma_5irgamma_6irgamma_7irgamma_8irgamma_9irgamma_10irgamma_11irgamma_12irgamma_13irgamma_14irgamma_15irgamma_16irgamma_17irgamma_18irgamma_19irgamma_20irgamma_21irgamma_22irgamma_23irgamma_24irgamma_25irgamma_26irgamma_27irgamma_28irgamma_29irgamma_30irgamma_31irgamma_32irgamma_33irgamma_34irgamma_35irgamma_36irgamma_37irgamma_38irgamma_39irgamma_40irgamma_41irgamma_42irgamma_43irgamma_44irgamma_45irgamma_46irgamma_47irgamma_48irgamma_49irgamma_50,71815480,73129390
fxdeltachfapacbank1fxdelta_1fxdelta_2fxdelta_3fxdelta_4fxdelta_5fxdelta_6fxdelta_7fxdelta_8fxdelta_9fxdelta_10fxdelta_11fxdelta_12fxdelta_13fxdelta_14fxdelta_15fxdelta_16fxdelta_17fxdelta_18fxdelta_19fxdelta_20fxdelta_21fxdelta_22fxdelta_23fxdelta_24fxdelta_25fxdelta_26fxdelta_27fxdelta_28fxdelta_29fxdelta_30fxdelta_31fxdelta_32fxdelta_33fxdelta_34fxdelta_35fxdelta_36fxdelta_37fxdelta_38fxdelta_39fxdelta_40fxdelta_41fxdelta_42fxdelta_43fxdelta_44fxdelta_45fxdelta_46fxdelta_47fxdelta_48fxdelta_49fxdelta_50,56769090,56880350
irgammainramrsbank5irgamma_1irgamma_2irgamma_3irgamma_4irgamma_5irgamma_6irgamma_7irgamma_8irgamma_9irgamma_10irgamma_11irgamma_12irgamma_13irgamma_14irgamma_15irgamma_16irgamma_17irgamma_18irgamma_19irgamma_20irgamma_21irgamma_22irgamma_23irgamma_24irgamma_25irgamma_26irgamma_27irgamma_28irgamma_29irgamma_30irgamma_31irgamma_32irgamma_33irgamma_34irgamma_35irgamma_36irgamma_37irgamma_38irgamma_39irgamma_40irgamma_41irgamma_42irgamma_43irgamma_44irgamma_45irgamma_46irgamma_47irgamma_48irgamma_49irgamma_50,55946320,58026120
fxdeltagbpemeabank3fxdelta_1fxdelta_2fxdelta_3fxdelta_4fxdelta_5fxdelta_6fxdelta_7fxdelta_8fxdelta_9fxdelta_10fxdelta_11fxdelta_12fxdelta_13fxdelta_14fxdelta_15fxdelta_16fxdelta_17fxdelta_18fxdelta_19fxdelta_20fxdelta_21fxdelta_22fxdelta_23fxdelta_24fxdelta_25fxdelta_26fxdelta_27fxdelta_28fxdelta_29fxdelta_30fxdelta_31fxdelta_32fxdelta_33fxdelta_34fxdelta_35fxdelta_36fxdelta_37fxdelta_38fxdelta_39fxdelta_40fxdelta_41fxdelta_42fxdelta_43fxdelta_44fxdelta_45fxdelta_46fxdelta_47fxdelta_48fxdelta_49fxdelta_50,76183690,71239650
irgammausdapacbank4irgamma_1irgamma_2irgamma_3irgamma_4irgamma_5irgamma_6irgamma_7irgamma_8irgamma_9irgamma_10irgamma_11irgamma_12irgamma_13irgamma_14irgamma_15irgamma_16irgamma_17irgamma_18irgamma_19irgamma_20irgamma_21irgamma_22irgamma_23irgamma_24irgamma_25irgamma_26irgamma_27irgamma_28irgamma_29irgamma_30irgamma_31irgamma_32irgamma_33irgamma_34irgamma_35irgamma_36irgamma_37irgamma_38irgamma_39irgamma_40irgamma_41irgamma_42irgamma_43irgamma_44irgamma_45irgamma_46irgamma_47irgamma_48irgamma_49irgamma_50,56986040,55343410
fxdeltausdemeabank4fxdelta_1fxdelta_2fxdelta_3fxdelta_4fxdelta_5fxdelta_6fxdelta_7fxdelta_8fxdelta_9fxdelta_10fxdelta_11fxdelta_12fxdelta_13fxdelta_14fxdelta_15fxdelta_16fxdelta_17fxdelta_18fxdelta_19fxdelta_20fxdelta_21fxdelta_22fxdelta_23fxdelta_24fxdelta_25fxdelta_26fxdelta_27fxdelta_28fxdelta_29fxdelta_30fxdelta_31fxdelta_32fxdelta_33fxdelta_34fxdelta_35fxdelta_36fxdelta_37fxdelta_38fxdelta_39fxdelta_40fxdelta_41fxdelta_42fxdelta_43fxdelta_44fxdelta_45fxdelta_46fxdelta_47fxdelta_48fxdelta_49fxdelta_50,73033340,65688350
fxdeltasgdamrsbank2fxdelta_1fxdelta_2fxdelta_3fxdelta_4fxdelta_5fxdelta_6fxdelta_7fxdelta_8fxdelta_9fxdelta_10fxdelta_11fxdelta_12fxdelta_13fxdelta_14fxdelta_15fxdelta_16fxdelta_17fxdelta_18fxdelta_19fxdelta_20fxdelta_21fxdelta_22fxdelta_23fxdelta_24fxdelta_25fxdelta_26fxdelta_27fxdelta_28fxdelta_29fxdelta_30fxdelta_31fxdelta_32fxdelta_33fxdelta_34fxdelta_35fxdelta_36fxdelta_37fxdelta_38fxdelta_39fxdelta_40fxdelta_41fxdelta_42fxdelta_43fxdelta_44fxdelta_45fxdelta_46fxdelta_47fxdelta_48fxdelta_49fxdelta_50,58614510,56952770
irgammachfemeabank1irgamma_1irgamma_2irgamma_3irgamma_4irgamma_5irgamma_6irgamma_7irgamma_8irgamma_9irgamma_10irgamma_11irgamma_12irgamma_13irgamma_14irgamma_15irgamma_16irgamma_17irgamma_18irgamma_19irgamma_20irgamma_21irgamma_22irgamma_23irgamma_24irgamma_25irgamma_26irgamma_27irgamma_28irgamma_29irgamma_30irgamma_31irgamma_32irgamma_33irgamma_34irgamma_35irgamma_36irgamma_37irgamma_38irgamma_39irgamma_40irgamma_41irgamma_42irgamma_43irgamma_44irgamma_45irgamma_46irgamma_47irgamma_48irgamma_49irgamma_50,66991760,75997530
fxdeltachfamrsbank1fxdelta_1fxdelta_2fxdelta_3fxdelta_4fxdelta_5fxdelta_6fxdelta_7fxdelta_8fxdelta_9fxdelta_10fxdelta_11fxdelta_12fxdelta_13fxdelta_14fxdelta_15fxdelta_16fxdelta_17fxdelta_18fxdelta_19fxdelta_20fxdelta_21fxdelta_22fxdelta_23fxdelta_24fxdelta_25fxdelta_26fxdelta_27fxdelta_28fxdelta_29fxdelta_30fxdelta_31fxdelta_32fxdelta_33fxdelta_34fxdelta_35fxdelta_36fxdelta_37fxdelta_38fxdelta_39fxdelta_40fxdelta_41fxdelta_42fxdelta_43fxdelta_44fxdelta_45fxdelta_46fxdelta_47fxdelta_48fxdelta_49fxdelta_50,56696100,53346470
irgammainremeabank5irgamma_1irgamma_2irgamma_3irgamma_4irgamma_5irgamma_6irgamma_7irgamma_8irgamma_9irgamma_10irgamma_11irgamma_12irgamma_13irgamma_14irgamma_15irgamma_16irgamma_17irgamma_18irgamma_19irgamma_20irgamma_21irgamma_22irgamma_23irgamma_24irgamma_25irgamma_26irgamma_27irgamma_28irgamma_29irgamma_30irgamma_31irgamma_32irgamma_33irgamma_34irgamma_35irgamma_36irgamma_37irgamma_38irgamma_39irgamma_40irgamma_41irgamma_42irgamma_43irgamma_44irgamma_45irgamma_46irgamma_47irgamma_48irgamma_49irgamma_50,68983050,71966730
fxdeltainrapacbank5fxdelta_1fxdelta_2fxdelta_3fxdelta_4fxdelta_5fxdelta_6fxdelta_7fxdelta_8fxdelta_9fxdelta_10fxdelta_11fxdelta_12fxdelta_13fxdelta_14fxdelta_15fxdelta_16fxdelta_17fxdelta_18fxdelta_19fxdelta_20fxdelta_21fxdelta_22fxdelta_23fxdelta_24fxdelta_25fxdelta_26fxdelta_27fxdelta_28fxdelta_29fxdelta_30fxdelta_31fxdelta_32fxdelta_33fxdelta_34fxdelta_35fxdelta_36fxdelta_37fxdelta_38fxdelta_39fxdelta_40fxdelta_41fxdelta_42fxdelta_43fxdelta_44fxdelta_45fxdelta_46fxdelta_47fxdelta_48fxdelta_49fxdelta_50,57891550,55738170
irgammagbpamrsbank3irgamma_1irgamma_2irgamma_3irgamma_4irgamma_5irgamma_6irgamma_7irgamma_8irgamma_9irgamma_10irgamma_11irgamma_12irgamma_13irgamma_14irgamma_15irgamma_16irgamma_17irgamma_18irgamma_19irgamma_20irgamma_21irgamma_22irgamma_23irgamma_24irgamma_25irgamma_26irgamma_27irgamma_28irgamma_29irgamma_30irgamma_31irgamma_32irgamma_33irgamma_34irgamma_35irgamma_36irgamma_37irgamma_38irgamma_39irgamma_40irgamma_41irgamma_42irgamma_43irgamma_44irgamma_45irgamma_46irgamma_47irgamma_48irgamma_49irgamma_50,55030540,56420580
fxdeltagbpapacbank3fxdelta_1fxdelta_2fxdelta_3fxdelta_4fxdelta_5fxdelta_6fxdelta_7fxdelta_8fxdelta_9fxdelta_10fxdelta_11fxdelta_12fxdelta_13fxdelta_14fxdelta_15fxdelta_16fxdelta_17fxdelta_18fxdelta_19fxdelta_20fxdelta_21fxdelta_22fxdelta_23fxdelta_24fxdelta_25fxdelta_26fxdelta_27fxdelta_28fxdelta_29fxdelta_30fxdelta_31fxdelta_32fxdelta_33fxdelta_34fxdelta_35fxdelta_36fxdelta_37fxdelta_38fxdelta_39fxdelta_40fxdelta_41fxdelta_42fxdelta_43fxdelta_44fxdelta_45fxdelta_46fxdelta_47fxdelta_48fxdelta_49fxdelta_50,53728170,55295130
irgammausdamrsbank4irgamma_1irgamma_2irgamma_3irgamma_4irgamma_5irgamma_6irgamma_7irgamma_8irgamma_9irgamma_10irgamma_11irgamma_12irgamma_13irgamma_14irgamma_15irgamma_16irgamma_17irgamma_18irgamma_19irgamma_20irgamma_21irgamma_22irgamma_23irgamma_24irgamma_25irgamma_26irgamma_27irgamma_28irgamma_29irgamma_30irgamma_31irgamma_32irgamma_33irgamma_34irgamma_35irgamma_36irgamma_37irgamma_38irgamma_39irgamma_40irgamma_41irgamma_42irgamma_43irgamma_44irgamma_45irgamma_46irgamma_47irgamma_48irgamma_49irgamma_50,56503190,58063930
irgammasgdapacbank2irgamma_1irgamma_2irgamma_3irgamma_4irgamma_5irgamma_6irgamma_7irgamma_8irgamma_9irgamma_10irgamma_11irgamma_12irgamma_13irgamma_14irgamma_15irgamma_16irgamma_17irgamma_18irgamma_19irgamma_20irgamma_21irgamma_22irgamma_23irgamma_24irgamma_25irgamma_26irgamma_27irgamma_28irgamma_29irgamma_30irgamma_31irgamma_32irgamma_33irgamma_34irgamma_35irgamma_36irgamma_37irgamma_38irgamma_39irgamma_40irgamma_41irgamma_42irgamma_43irgamma_44irgamma_45irgamma_46irgamma_47irgamma_48irgamma_49irgamma_50,55406250,54108440
fxdeltasgdemeabank2fxdelta_1fxdelta_2fxdelta_3fxdelta_4fxdelta_5fxdelta_6fxdelta_7fxdelta_8fxdelta_9fxdelta_10fxdelta_11fxdelta_12fxdelta_13fxdelta_14fxdelta_15fxdelta_16fxdelta_17fxdelta_18fxdelta_19fxdelta_20fxdelta_21fxdelta_22fxdelta_23fxdelta_24fxdelta_25fxdelta_26fxdelta_27fxdelta_28fxdelta_29fxdelta_30fxdelta_31fxdelta_32fxdelta_33fxdelta_34fxdelta_35fxdelta_36fxdelta_37fxdelta_38fxdelta_39fxdelta_40fxdelta_41fxdelta_42fxdelta_43fxdelta_44fxdelta_45fxdelta_46fxdelta_47fxdelta_48fxdelta_49fxdelta_50,67521690,72731190
irgammachfapacbank1irgamma_1irgamma_2irgamma_3irgamma_4irgamma_5irgamma_6irgamma_7irgamma_8irgamma_9irgamma_10irgamma_11irgamma_12irgamma_13irgamma_14irgamma_15irgamma_16irgamma_17irgamma_18irgamma_19irgamma_20irgamma_21irgamma_22irgamma_23irgamma_24irgamma_25irgamma_26irgamma_27irgamma_28irgamma_29irgamma_30irgamma_31irgamma_32irgamma_33irgamma_34irgamma_35irgamma_36irgamma_37irgamma_38irgamma_39irgamma_40irgamma_41irgamma_42irgamma_43irgamma_44irgamma_45irgamma_46irgamma_47irgamma_48irgamma_49irgamma_50,54010010,54826990
fxdeltainramrsbank5fxdelta_1fxdelta_2fxdelta_3fxdelta_4fxdelta_5fxdelta_6fxdelta_7fxdelta_8fxdelta_9fxdelta_10fxdelta_11fxdelta_12fxdelta_13fxdelta_14fxdelta_15fxdelta_16fxdelta_17fxdelta_18fxdelta_19fxdelta_20fxdelta_21fxdelta_22fxdelta_23fxdelta_24fxdelta_25fxdelta_26fxdelta_27fxdelta_28fxdelta_29fxdelta_30fxdelta_31fxdelta_32fxdelta_33fxdelta_34fxdelta_35fxdelta_36fxdelta_37fxdelta_38fxdelta_39fxdelta_40fxdelta_41fxdelta_42fxdelta_43fxdelta_44fxdelta_45fxdelta_46fxdelta_47fxdelta_48fxdelta_49fxdelta_50,57539500,54793700
irgammagbpemeabank3irgamma_1irgamma_2irgamma_3irgamma_4irgamma_5irgamma_6irgamma_7irgamma_8irgamma_9irgamma_10irgamma_11irgamma_12irgamma_13irgamma_14irgamma_15irgamma_16irgamma_17irgamma_18irgamma_19irgamma_20irgamma_21irgamma_22irgamma_23irgamma_24irgamma_25irgamma_26irgamma_27irgamma_28irgamma_29irgamma_30irgamma_31irgamma_32irgamma_33irgamma_34irgamma_35irgamma_36irgamma_37irgamma_38irgamma_39irgamma_40irgamma_41irgamma_42irgamma_43irgamma_44irgamma_45irgamma_46irgamma_47irgamma_48irgamma_49irgamma_50,76578810,75852870
irdeltainramrsbank5irdelta_1irdelta_2irdelta_3irdelta_4irdelta_5irdelta_6irdelta_7irdelta_8irdelta_9irdelta_10irdelta_11irdelta_12irdelta_13irdelta_14irdelta_15irdelta_16irdelta_17irdelta_18irdelta_19irdelta_20irdelta_21irdelta_22irdelta_23irdelta_24irdelta_25irdelta_26irdelta_27irdelta_28irdelta_29irdelta_30irdelta_31irdelta_32irdelta_33irdelta_34irdelta_35irdelta_36irdelta_37irdelta_38irdelta_39irdelta_40irdelta_41irdelta_42irdelta_43irdelta_44irdelta_45irdelta_46irdelta_47irdelta_48irdelta_49irdelta_50,76998130,72070510
irdeltagbpapacbank3irdelta_1irdelta_2irdelta_3irdelta_4irdelta_5irdelta_6irdelta_7irdelta_8irdelta_9irdelta_10irdelta_11irdelta_12irdelta_13irdelta_14irdelta_15irdelta_16irdelta_17irdelta_18irdelta_19irdelta_20irdelta_21irdelta_22irdelta_23irdelta_24irdelta_25irdelta_26irdelta_27irdelta_28irdelta_29irdelta_30irdelta_31irdelta_32irdelta_33irdelta_34irdelta_35irdelta_36irdelta_37irdelta_38irdelta_39irdelta_40irdelta_41irdelta_42irdelta_43irdelta_44irdelta_45irdelta_46irdelta_47irdelta_48irdelta_49irdelta_50,58947200,57585560
irdeltausdapacbank4irdelta_1irdelta_2irdelta_3irdelta_4irdelta_5irdelta_6irdelta_7irdelta_8irdelta_9irdelta_10irdelta_11irdelta_12irdelta_13irdelta_14irdelta_15irdelta_16irdelta_17irdelta_18irdelta_19irdelta_20irdelta_21irdelta_22irdelta_23irdelta_24irdelta_25irdelta_26irdelta_27irdelta_28irdelta_29irdelta_30irdelta_31irdelta_32irdelta_33irdelta_34irdelta_35irdelta_36irdelta_37irdelta_38irdelta_39irdelta_40irdelta_41irdelta_42irdelta_43irdelta_44irdelta_45irdelta_46irdelta_47irdelta_48irdelta_49irdelta_50,57917420,57608800
irdeltasgdemeabank2irdelta_1irdelta_2irdelta_3irdelta_4irdelta_5irdelta_6irdelta_7irdelta_8irdelta_9irdelta_10irdelta_11irdelta_12irdelta_13irdelta_14irdelta_15irdelta_16irdelta_17irdelta_18irdelta_19irdelta_20irdelta_21irdelta_22irdelta_23irdelta_24irdelta_25irdelta_26irdelta_27irdelta_28irdelta_29irdelta_30irdelta_31irdelta_32irdelta_33irdelta_34irdelta_35irdelta_36irdelta_37irdelta_38irdelta_39irdelta_40irdelta_41irdelta_42irdelta_43irdelta_44irdelta_45irdelta_46irdelta_47irdelta_48irdelta_49irdelta_50,59292670,56888450
irdeltachfemeabank1irdelta_1irdelta_2irdelta_3irdelta_4irdelta_5irdelta_6irdelta_7irdelta_8irdelta_9irdelta_10irdelta_11irdelta_12irdelta_13irdelta_14irdelta_15irdelta_16irdelta_17irdelta_18irdelta_19irdelta_20irdelta_21irdelta_22irdelta_23irdelta_24irdelta_25irdelta_26irdelta_27irdelta_28irdelta_29irdelta_30irdelta_31irdelta_32irdelta_33irdelta_34irdelta_35irdelta_36irdelta_37irdelta_38irdelta_39irdelta_40irdelta_41irdelta_42irdelta_43irdelta_44irdelta_45irdelta_46irdelta_47irdelta_48irdelta_49irdelta_50,57949020,55864950
irdeltagbpamrsbank3irdelta_1irdelta_2irdelta_3irdelta_4irdelta_5irdelta_6irdelta_7irdelta_8irdelta_9irdelta_10irdelta_11irdelta_12irdelta_13irdelta_14irdelta_15irdelta_16irdelta_17irdelta_18irdelta_19irdelta_20irdelta_21irdelta_22irdelta_23irdelta_24irdelta_25irdelta_26irdelta_27irdelta_28irdelta_29irdelta_30irdelta_31irdelta_32irdelta_33irdelta_34irdelta_35irdelta_36irdelta_37irdelta_38irdelta_39irdelta_40irdelta_41irdelta_42irdelta_43irdelta_44irdelta_45irdelta_46irdelta_47irdelta_48irdelta_49irdelta_50,72886620,76305670
irdeltasgdapacbank2irdelta_1irdelta_2irdelta_3irdelta_4irdelta_5irdelta_6irdelta_7irdelta_8irdelta_9irdelta_10irdelta_11irdelta_12irdelta_13irdelta_14irdelta_15irdelta_16irdelta_17irdelta_18irdelta_19irdelta_20irdelta_21irdelta_22irdelta_23irdelta_24irdelta_25irdelta_26irdelta_27irdelta_28irdelta_29irdelta_30irdelta_31irdelta_32irdelta_33irdelta_34irdelta_35irdelta_36irdelta_37irdelta_38irdelta_39irdelta_40irdelta_41irdelta_42irdelta_43irdelta_44irdelta_45irdelta_46irdelta_47irdelta_48irdelta_49irdelta_50,54982710,58791860
irdeltainremeabank5irdelta_1irdelta_2irdelta_3irdelta_4irdelta_5irdelta_6irdelta_7irdelta_8irdelta_9irdelta_10irdelta_11irdelta_12irdelta_13irdelta_14irdelta_15irdelta_16irdelta_17irdelta_18irdelta_19irdelta_20irdelta_21irdelta_22irdelta_23irdelta_24irdelta_25irdelta_26irdelta_27irdelta_28irdelta_29irdelta_30irdelta_31irdelta_32irdelta_33irdelta_34irdelta_35irdelta_36irdelta_37irdelta_38irdelta_39irdelta_40irdelta_41irdelta_42irdelta_43irdelta_44irdelta_45irdelta_46irdelta_47irdelta_48irdelta_49irdelta_50,56158720,58446340
irdeltausdamrsbank4irdelta_1irdelta_2irdelta_3irdelta_4irdelta_5irdelta_6irdelta_7irdelta_8irdelta_9irdelta_10irdelta_11irdelta_12irdelta_13irdelta_14irdelta_15irdelta_16irdelta_17irdelta_18irdelta_19irdelta_20irdelta_21irdelta_22irdelta_23irdelta_24irdelta_25irdelta_26irdelta_27irdelta_28irdelta_29irdelta_30irdelta_31irdelta_32irdelta_33irdelta_34irdelta_35irdelta_36irdelta_37irdelta_38irdelta_39irdelta_40irdelta_41irdelta_42irdelta_43irdelta_44irdelta_45irdelta_46irdelta_47irdelta_48irdelta_49irdelta_50,70208240,71112800
irdeltasgdamrsbank2irdelta_1irdelta_2irdelta_3irdelta_4irdelta_5irdelta_6irdelta_7irdelta_8irdelta_9irdelta_10irdelta_11irdelta_12irdelta_13irdelta_14irdelta_15irdelta_16irdelta_17irdelta_18irdelta_19irdelta_20irdelta_21irdelta_22irdelta_23irdelta_24irdelta_25irdelta_26irdelta_27irdelta_28irdelta_29irdelta_30irdelta_31irdelta_32irdelta_33irdelta_34irdelta_35irdelta_36irdelta_37irdelta_38irdelta_39irdelta_40irdelta_41irdelta_42irdelta_43irdelta_44irdelta_45irdelta_46irdelta_47irdelta_48irdelta_49irdelta_50,66724620,65901480
irdeltachfapacbank1irdelta_1irdelta_2irdelta_3irdelta_4irdelta_5irdelta_6irdelta_7irdelta_8irdelta_9irdelta_10irdelta_11irdelta_12irdelta_13irdelta_14irdelta_15irdelta_16irdelta_17irdelta_18irdelta_19irdelta_20irdelta_21irdelta_22irdelta_23irdelta_24irdelta_25irdelta_26irdelta_27irdelta_28irdelta_29irdelta_30irdelta_31irdelta_32irdelta_33irdelta_34irdelta_35irdelta_36irdelta_37irdelta_38irdelta_39irdelta_40irdelta_41irdelta_42irdelta_43irdelta_44irdelta_45irdelta_46irdelta_47irdelta_48irdelta_49irdelta_50,54725650,48492370
irdeltainrapacbank5irdelta_1irdelta_2irdelta_3irdelta_4irdelta_5irdelta_6irdelta_7irdelta_8irdelta_9irdelta_10irdelta_11irdelta_12irdelta_13irdelta_14irdelta_15irdelta_16irdelta_17irdelta_18irdelta_19irdelta_20irdelta_21irdelta_22irdelta_23irdelta_24irdelta_25irdelta_26irdelta_27irdelta_28irdelta_29irdelta_30irdelta_31irdelta_32irdelta_33irdelta_34irdelta_35irdelta_36irdelta_37irdelta_38irdelta_39irdelta_40irdelta_41irdelta_42irdelta_43irdelta_44irdelta_45irdelta_46irdelta_47irdelta_48irdelta_49irdelta_50,54928290,56844160
irdeltagbpemeabank3irdelta_1irdelta_2irdelta_3irdelta_4irdelta_5irdelta_6irdelta_7irdelta_8irdelta_9irdelta_10irdelta_11irdelta_12irdelta_13irdelta_14irdelta_15irdelta_16irdelta_17irdelta_18irdelta_19irdelta_20irdelta_21irdelta_22irdelta_23irdelta_24irdelta_25irdelta_26irdelta_27irdelta_28irdelta_29irdelta_30irdelta_31irdelta_32irdelta_33irdelta_34irdelta_35irdelta_36irdelta_37irdelta_38irdelta_39irdelta_40irdelta_41irdelta_42irdelta_43irdelta_44irdelta_45irdelta_46irdelta_47irdelta_48irdelta_49irdelta_50,51786240,52864740
irdeltausdemeabank4irdelta_1irdelta_2irdelta_3irdelta_4irdelta_5irdelta_6irdelta_7irdelta_8irdelta_9irdelta_10irdelta_11irdelta_12irdelta_13irdelta_14irdelta_15irdelta_16irdelta_17irdelta_18irdelta_19irdelta_20irdelta_21irdelta_22irdelta_23irdelta_24irdelta_25irdelta_26irdelta_27irdelta_28irdelta_29irdelta_30irdelta_31irdelta_32irdelta_33irdelta_34irdelta_35irdelta_36irdelta_37irdelta_38irdelta_39irdelta_40irdelta_41irdelta_42irdelta_43irdelta_44irdelta_45irdelta_46irdelta_47irdelta_48irdelta_49irdelta_50,55728590,60372360
irdeltachfamrsbank1irdelta_1irdelta_2irdelta_3irdelta_4irdelta_5irdelta_6irdelta_7irdelta_8irdelta_9irdelta_10irdelta_11irdelta_12irdelta_13irdelta_14irdelta_15irdelta_16irdelta_17irdelta_18irdelta_19irdelta_20irdelta_21irdelta_22irdelta_23irdelta_24irdelta_25irdelta_26irdelta_27irdelta_28irdelta_29irdelta_30irdelta_31irdelta_32irdelta_33irdelta_34irdelta_35irdelta_36irdelta_37irdelta_38irdelta_39irdelta_40irdelta_41irdelta_42irdelta_43irdelta_44irdelta_45irdelta_46irdelta_47irdelta_48irdelta_49irdelta_50,73869350,72583510
irdeltausdamrsbank4irdelta_1irdelta_2irdelta_fxdelta_3irdelta_fxdelta_4irdelta_fxdelta_5irdelta_fxdelta_6irdelta_fxdelta_7irdelta_fxdelta_8irdelta_fxdelta_9irdelta_fxdelta_10irdelta_fxdelta_11irdelta_fxdelta_12irdelta_fxdelta_13irdelta_fxdelta_14irdelta_fxdelta_15irdelta_fxdelta_16irdelta_fxdelta_17irdelta_fxdelta_18irdelta_fxdelta_19irdelta_fxdelta_20irdelta_fxdelta_21irdelta_fxdelta_22irdelta_fxdelta_23irdelta_fxdelta_24irdelta_fxdelta_25irdelta_fxdelta_26irdelta_fxdelta_27irdelta_fxdelta_28irdelta_fxdelta_29irdelta_fxdelta_30irdelta_fxdelta_31irdelta_fxdelta_32irdelta_fxdelta_33irdelta_fxdelta_34irdelta_fxdelta_35irdelta_fxdelta_36irdelta_fxdelta_37irdelta_fxdelta_38irdelta_fxdelta_39irdelta_fxdelta_40irdelta_fxdelta_41irdelta_fxdelta_42irdelta_fxdelta_43irdelta_fxdelta_44irdelta_fxdelta_45irdelta_fxdelta_46irdelta_fxdelta_47irdelta_fxdelta_48irdelta_fxdelta_49irdelta_fxdelta_50,2964390,1443210
eqgammainremeabank5eqgamma_1eqgamma_2eqgamma_3eqgamma_4eqgamma_5eqgamma_6eqgamma_7eqgamma_8eqgamma_9eqgamma_10eqgamma_11eqgamma_12eqgamma_13eqgamma_14eqgamma_15eqgamma_16eqgamma_17eqgamma_18eqgamma_19eqgamma_20eqgamma_21eqgamma_22eqgamma_23eqgamma_24eqgamma_25eqgamma_26eqgamma_27eqgamma_28eqgamma_29eqgamma_30eqgamma_31eqgamma_32eqgamma_33eqgamma_34eqgamma_35eqgamma_36eqgamma_37eqgamma_38eqgamma_39eqgamma_40eqgamma_41eqgamma_42eqgamma_43eqgamma_44eqgamma_45eqgamma_46eqgamma_47eqgamma_48eqgamma_49eqgamma_50,61961840,58913270
fxvegainrapacbank5fxvega_1fxvega_2fxvega_3fxvega_4fxvega_5fxvega_6fxvega_7fxvega_8fxvega_9fxvega_10fxvega_11fxvega_12fxvega_13fxvega_14fxvega_15fxvega_16fxvega_17fxvega_18fxvega_19fxvega_20fxvega_21fxvega_22fxvega_23fxvega_24fxvega_25fxvega_26fxvega_27fxvega_28fxvega_29fxvega_30fxvega_31fxvega_32fxvega_33fxvega_34fxvega_35fxvega_36fxvega_37fxvega_38fxvega_39fxvega_40fxvega_41fxvega_42fxvega_43fxvega_44fxvega_45fxvega_46fxvega_47fxvega_48fxvega_49fxvega_50,58307190,53915660
eqgammagbpamrsbank3eqgamma_1eqgamma_2eqgamma_3eqgamma_4eqgamma_5eqgamma_6eqgamma_7eqgamma_8eqgamma_9eqgamma_10eqgamma_11eqgamma_12eqgamma_13eqgamma_14eqgamma_15eqgamma_16eqgamma_17eqgamma_18eqgamma_19eqgamma_20eqgamma_21eqgamma_22eqgamma_23eqgamma_24eqgamma_25eqgamma_26eqgamma_27eqgamma_28eqgamma_29eqgamma_30eqgamma_31eqgamma_32eqgamma_33eqgamma_34eqgamma_35eqgamma_36eqgamma_37eqgamma_38eqgamma_39eqgamma_40eqgamma_41eqgamma_42eqgamma_43eqgamma_44eqgamma_45eqgamma_46eqgamma_47eqgamma_48eqgamma_49eqgamma_50,71738340,70767930
fxvegagbpemeabank3fxvega_1fxvega_2fxvega_3fxvega_4fxvega_5fxvega_6fxvega_7fxvega_8fxvega_9fxvega_10fxvega_11fxvega_12fxvega_13fxvega_14fxvega_15fxvega_16fxvega_17fxvega_18fxvega_19fxvega_20fxvega_21fxvega_22fxvega_23fxvega_24fxvega_25fxvega_26fxvega_27fxvega_28fxvega_29fxvega_30fxvega_31fxvega_32fxvega_33fxvega_34fxvega_35fxvega_36fxvega_37fxvega_38fxvega_39fxvega_40fxvega_41fxvega_42fxvega_43fxvega_44fxvega_45fxvega_46fxvega_47fxvega_48fxvega_49fxvega_50,72634320,71285040
eqgammausdamrsbank4eqgamma_1eqgamma_2eqgamma_3eqgamma_4eqgamma_5eqgamma_6eqgamma_7eqgamma_8eqgamma_9eqgamma_10eqgamma_11eqgamma_12eqgamma_13eqgamma_14eqgamma_15eqgamma_16eqgamma_17eqgamma_18eqgamma_19eqgamma_20eqgamma_21eqgamma_22eqgamma_23eqgamma_24eqgamma_25eqgamma_26eqgamma_27eqgamma_28eqgamma_29eqgamma_30eqgamma_31eqgamma_32eqgamma_33eqgamma_34eqgamma_35eqgamma_36eqgamma_37eqgamma_38eqgamma_39eqgamma_40eqgamma_41eqgamma_42eqgamma_43eqgamma_44eqgamma_45eqgamma_46eqgamma_47eqgamma_48eqgamma_49eqgamma_50,75705030,70628460
fxvegausdemeabank4fxvega_1fxvega_2fxvega_3fxvega_4fxvega_5fxvega_6fxvega_7fxvega_8fxvega_9fxvega_10fxvega_11fxvega_12fxvega_13fxvega_14fxvega_15fxvega_16fxvega_17fxvega_18fxvega_19fxvega_20fxvega_21fxvega_22fxvega_23fxvega_24fxvega_25fxvega_26fxvega_27fxvega_28fxvega_29fxvega_30fxvega_31fxvega_32fxvega_33fxvega_34fxvega_35fxvega_36fxvega_37fxvega_38fxvega_39fxvega_40fxvega_41fxvega_42fxvega_43fxvega_44fxvega_45fxvega_46fxvega_47fxvega_48fxvega_49fxvega_50,71660710,75425890
eqgammasgdamrsbank2eqgamma_1eqgamma_2eqgamma_3eqgamma_4eqgamma_5eqgamma_6eqgamma_7eqgamma_8eqgamma_9eqgamma_10eqgamma_11eqgamma_12eqgamma_13eqgamma_14eqgamma_15eqgamma_16eqgamma_17eqgamma_18eqgamma_19eqgamma_20eqgamma_21eqgamma_22eqgamma_23eqgamma_24eqgamma_25eqgamma_26eqgamma_27eqgamma_28eqgamma_29eqgamma_30eqgamma_31eqgamma_32eqgamma_33eqgamma_34eqgamma_35eqgamma_36eqgamma_37eqgamma_38eqgamma_39eqgamma_40eqgamma_41eqgamma_42eqgamma_43eqgamma_44eqgamma_45eqgamma_46eqgamma_47eqgamma_48eqgamma_49eqgamma_50,71543330,69742500
fxvegasgdamrsbank2fxvega_1fxvega_2fxvega_3fxvega_4fxvega_5fxvega_6fxvega_7fxvega_8fxvega_9fxvega_10fxvega_11fxvega_12fxvega_13fxvega_14fxvega_15fxvega_16fxvega_17fxvega_18fxvega_19fxvega_20fxvega_21fxvega_22fxvega_23fxvega_24fxvega_25fxvega_26fxvega_27fxvega_28fxvega_29fxvega_30fxvega_31fxvega_32fxvega_33fxvega_34fxvega_35fxvega_36fxvega_37fxvega_38fxvega_39fxvega_40fxvega_41fxvega_42fxvega_43fxvega_44fxvega_45fxvega_46fxvega_47fxvega_48fxvega_49fxvega_50,52884990,57368330
eqgammachfapacbank1eqgamma_1eqgamma_2eqgamma_3eqgamma_4eqgamma_5eqgamma_6eqgamma_7eqgamma_8eqgamma_9eqgamma_10eqgamma_11eqgamma_12eqgamma_13eqgamma_14eqgamma_15eqgamma_16eqgamma_17eqgamma_18eqgamma_19eqgamma_20eqgamma_21eqgamma_22eqgamma_23eqgamma_24eqgamma_25eqgamma_26eqgamma_27eqgamma_28eqgamma_29eqgamma_30eqgamma_31eqgamma_32eqgamma_33eqgamma_34eqgamma_35eqgamma_36eqgamma_37eqgamma_38eqgamma_39eqgamma_40eqgamma_41eqgamma_42eqgamma_43eqgamma_44eqgamma_45eqgamma_46eqgamma_47eqgamma_48eqgamma_49eqgamma_50,59291590,56888860
fxvegachfamrsbank1fxvega_1fxvega_2fxvega_3fxvega_4fxvega_5fxvega_6fxvega_7fxvega_8fxvega_9fxvega_10fxvega_11fxvega_12fxvega_13fxvega_14fxvega_15fxvega_16fxvega_17fxvega_18fxvega_19fxvega_20fxvega_21fxvega_22fxvega_23fxvega_24fxvega_25fxvega_26fxvega_27fxvega_28fxvega_29fxvega_30fxvega_31fxvega_32fxvega_33fxvega_34fxvega_35fxvega_36fxvega_37fxvega_38fxvega_39fxvega_40fxvega_41fxvega_42fxvega_43fxvega_44fxvega_45fxvega_46fxvega_47fxvega_48fxvega_49fxvega_50,62263900,54101230
eqgammainrapacbank5eqgamma_1eqgamma_2eqgamma_3eqgamma_4eqgamma_5eqgamma_6eqgamma_7eqgamma_8eqgamma_9eqgamma_10eqgamma_11eqgamma_12eqgamma_13eqgamma_14eqgamma_15eqgamma_16eqgamma_17eqgamma_18eqgamma_19eqgamma_20eqgamma_21eqgamma_22eqgamma_23eqgamma_24eqgamma_25eqgamma_26eqgamma_27eqgamma_28eqgamma_29eqgamma_30eqgamma_31eqgamma_32eqgamma_33eqgamma_34eqgamma_35eqgamma_36eqgamma_37eqgamma_38eqgamma_39eqgamma_40eqgamma_41eqgamma_42eqgamma_43eqgamma_44eqgamma_45eqgamma_46eqgamma_47eqgamma_48eqgamma_49eqgamma_50,57018770,52727770
eqgammagbpemeabank3eqgamma_1eqgamma_2eqgamma_3eqgamma_4eqgamma_5eqgamma_6eqgamma_7eqgamma_8eqgamma_9eqgamma_10eqgamma_11eqgamma_12eqgamma_13eqgamma_14eqgamma_15eqgamma_16eqgamma_17eqgamma_18eqgamma_19eqgamma_20eqgamma_21eqgamma_22eqgamma_23eqgamma_24eqgamma_25eqgamma_26eqgamma_27eqgamma_28eqgamma_29eqgamma_30eqgamma_31eqgamma_32eqgamma_33eqgamma_34eqgamma_35eqgamma_36eqgamma_37eqgamma_38eqgamma_39eqgamma_40eqgamma_41eqgamma_42eqgamma_43eqgamma_44eqgamma_45eqgamma_46eqgamma_47eqgamma_48eqgamma_49eqgamma_50,66159880,61168450
fxvegagbpapacbank3fxvega_1fxvega_2fxvega_3fxvega_4fxvega_5fxvega_6fxvega_7fxvega_8fxvega_9fxvega_10fxvega_11fxvega_12fxvega_13fxvega_14fxvega_15fxvega_16fxvega_17fxvega_18fxvega_19fxvega_20fxvega_21fxvega_22fxvega_23fxvega_24fxvega_25fxvega_26fxvega_27fxvega_28fxvega_29fxvega_30fxvega_31fxvega_32fxvega_33fxvega_34fxvega_35fxvega_36fxvega_37fxvega_38fxvega_39fxvega_40fxvega_41fxvega_42fxvega_43fxvega_44fxvega_45fxvega_46fxvega_47fxvega_48fxvega_49fxvega_50,59160230,63028450
eqgammausdemeabank4eqgamma_1eqgamma_2eqgamma_3eqgamma_4eqgamma_5eqgamma_6eqgamma_7eqgamma_8eqgamma_9eqgamma_10eqgamma_11eqgamma_12eqgamma_13eqgamma_14eqgamma_15eqgamma_16eqgamma_17eqgamma_18eqgamma_19eqgamma_20eqgamma_21eqgamma_22eqgamma_23eqgamma_24eqgamma_25eqgamma_26eqgamma_27eqgamma_28eqgamma_29eqgamma_30eqgamma_31eqgamma_32eqgamma_33eqgamma_34eqgamma_35eqgamma_36eqgamma_37eqgamma_38eqgamma_39eqgamma_40eqgamma_41eqgamma_42eqgamma_43eqgamma_44eqgamma_45eqgamma_46eqgamma_47eqgamma_48eqgamma_49eqgamma_50,53965370,57633220
fxvegasgdemeabank2fxvega_1fxvega_2fxvega_3fxvega_4fxvega_5fxvega_6fxvega_7fxvega_8fxvega_9fxvega_10fxvega_11fxvega_12fxvega_13fxvega_14fxvega_15fxvega_16fxvega_17fxvega_18fxvega_19fxvega_20fxvega_21fxvega_22fxvega_23fxvega_24fxvega_25fxvega_26fxvega_27fxvega_28fxvega_29fxvega_30fxvega_31fxvega_32fxvega_33fxvega_34fxvega_35fxvega_36fxvega_37fxvega_38fxvega_39fxvega_40fxvega_41fxvega_42fxvega_43fxvega_44fxvega_45fxvega_46fxvega_47fxvega_48fxvega_49fxvega_50,76574670,73070950
eqgammachfamrsbank1eqgamma_1eqgamma_2eqgamma_3eqgamma_4eqgamma_5eqgamma_6eqgamma_7eqgamma_8eqgamma_9eqgamma_10eqgamma_11eqgamma_12eqgamma_13eqgamma_14eqgamma_15eqgamma_16eqgamma_17eqgamma_18eqgamma_19eqgamma_20eqgamma_21eqgamma_22eqgamma_23eqgamma_24eqgamma_25eqgamma_26eqgamma_27eqgamma_28eqgamma_29eqgamma_30eqgamma_31eqgamma_32eqgamma_33eqgamma_34eqgamma_35eqgamma_36eqgamma_37eqgamma_38eqgamma_39eqgamma_40eqgamma_41eqgamma_42eqgamma_43eqgamma_44eqgamma_45eqgamma_46eqgamma_47eqgamma_48eqgamma_49eqgamma_50,73808430,67144070
fxvegachfemeabank1fxvega_1fxvega_2fxvega_3fxvega_4fxvega_5fxvega_6fxvega_7fxvega_8fxvega_9fxvega_10fxvega_11fxvega_12fxvega_13fxvega_14fxvega_15fxvega_16fxvega_17fxvega_18fxvega_19fxvega_20fxvega_21fxvega_22fxvega_23fxvega_24fxvega_25fxvega_26fxvega_27fxvega_28fxvega_29fxvega_30fxvega_31fxvega_32fxvega_33fxvega_34fxvega_35fxvega_36fxvega_37fxvega_38fxvega_39fxvega_40fxvega_41fxvega_42fxvega_43fxvega_44fxvega_45fxvega_46fxvega_47fxvega_48fxvega_49fxvega_50,66810420,64872360
fxvegainramrsbank5fxvega_1fxvega_2fxvega_3fxvega_4fxvega_5fxvega_6fxvega_7fxvega_8fxvega_9fxvega_10fxvega_11fxvega_12fxvega_13fxvega_14fxvega_15fxvega_16fxvega_17fxvega_18fxvega_19fxvega_20fxvega_21fxvega_22fxvega_23fxvega_24fxvega_25fxvega_26fxvega_27fxvega_28fxvega_29fxvega_30fxvega_31fxvega_32fxvega_33fxvega_34fxvega_35fxvega_36fxvega_37fxvega_38fxvega_39fxvega_40fxvega_41fxvega_42fxvega_43fxvega_44fxvega_45fxvega_46fxvega_47fxvega_48fxvega_49fxvega_50,52363860,56586030
eqgammagbpapacbank3eqgamma_1eqgamma_2eqgamma_3eqgamma_4eqgamma_5eqgamma_6eqgamma_7eqgamma_8eqgamma_9eqgamma_10eqgamma_11eqgamma_12eqgamma_13eqgamma_14eqgamma_15eqgamma_16eqgamma_17eqgamma_18eqgamma_19eqgamma_20eqgamma_21eqgamma_22eqgamma_23eqgamma_24eqgamma_25eqgamma_26eqgamma_27eqgamma_28eqgamma_29eqgamma_30eqgamma_31eqgamma_32eqgamma_33eqgamma_34eqgamma_35eqgamma_36eqgamma_37eqgamma_38eqgamma_39eqgamma_40eqgamma_41eqgamma_42eqgamma_43eqgamma_44eqgamma_45eqgamma_46eqgamma_47eqgamma_48eqgamma_49eqgamma_50,59931600,57184560
fxvegagbpamrsbank3fxvega_1fxvega_2fxvega_3fxvega_4fxvega_5fxvega_6fxvega_7fxvega_8fxvega_9fxvega_10fxvega_11fxvega_12fxvega_13fxvega_14fxvega_15fxvega_16fxvega_17fxvega_18fxvega_19fxvega_20fxvega_21fxvega_22fxvega_23fxvega_24fxvega_25fxvega_26fxvega_27fxvega_28fxvega_29fxvega_30fxvega_31fxvega_32fxvega_33fxvega_34fxvega_35fxvega_36fxvega_37fxvega_38fxvega_39fxvega_40fxvega_41fxvega_42fxvega_43fxvega_44fxvega_45fxvega_46fxvega_47fxvega_48fxvega_49fxvega_50,50601480,60790150
fxvegausdapacbank4fxvega_1fxvega_2fxvega_3fxvega_4fxvega_5fxvega_6fxvega_7fxvega_8fxvega_9fxvega_10fxvega_11fxvega_12fxvega_13fxvega_14fxvega_15fxvega_16fxvega_17fxvega_18fxvega_19fxvega_20fxvega_21fxvega_22fxvega_23fxvega_24fxvega_25fxvega_26fxvega_27fxvega_28fxvega_29fxvega_30fxvega_31fxvega_32fxvega_33fxvega_34fxvega_35fxvega_36fxvega_37fxvega_38fxvega_39fxvega_40fxvega_41fxvega_42fxvega_43fxvega_44fxvega_45fxvega_46fxvega_47fxvega_48fxvega_49fxvega_50,56922790,53873900
eqgammasgdemeabank2eqgamma_1eqgamma_2eqgamma_3eqgamma_4eqgamma_5eqgamma_6eqgamma_7eqgamma_8eqgamma_9eqgamma_10eqgamma_11eqgamma_12eqgamma_13eqgamma_14eqgamma_15eqgamma_16eqgamma_17eqgamma_18eqgamma_19eqgamma_20eqgamma_21eqgamma_22eqgamma_23eqgamma_24eqgamma_25eqgamma_26eqgamma_27eqgamma_28eqgamma_29eqgamma_30eqgamma_31eqgamma_32eqgamma_33eqgamma_34eqgamma_35eqgamma_36eqgamma_37eqgamma_38eqgamma_39eqgamma_40eqgamma_41eqgamma_42eqgamma_43eqgamma_44eqgamma_45eqgamma_46eqgamma_47eqgamma_48eqgamma_49eqgamma_50,61256690,56599450
fxvegasgdapacbank2fxvega_1fxvega_2fxvega_3fxvega_4fxvega_5fxvega_6fxvega_7fxvega_8fxvega_9fxvega_10fxvega_11fxvega_12fxvega_13fxvega_14fxvega_15fxvega_16fxvega_17fxvega_18fxvega_19fxvega_20fxvega_21fxvega_22fxvega_23fxvega_24fxvega_25fxvega_26fxvega_27fxvega_28fxvega_29fxvega_30fxvega_31fxvega_32fxvega_33fxvega_34fxvega_35fxvega_36fxvega_37fxvega_38fxvega_39fxvega_40fxvega_41fxvega_42fxvega_43fxvega_44fxvega_45fxvega_46fxvega_47fxvega_48fxvega_49fxvega_50,60919440,54544760
eqgammainramrsbank5eqgamma_1eqgamma_2eqgamma_3eqgamma_4eqgamma_5eqgamma_6eqgamma_7eqgamma_8eqgamma_9eqgamma_10eqgamma_11eqgamma_12eqgamma_13eqgamma_14eqgamma_15eqgamma_16eqgamma_17eqgamma_18eqgamma_19eqgamma_20eqgamma_21eqgamma_22eqgamma_23eqgamma_24eqgamma_25eqgamma_26eqgamma_27eqgamma_28eqgamma_29eqgamma_30eqgamma_31eqgamma_32eqgamma_33eqgamma_34eqgamma_35eqgamma_36eqgamma_37eqgamma_38eqgamma_39eqgamma_40eqgamma_41eqgamma_42eqgamma_43eqgamma_44eqgamma_45eqgamma_46eqgamma_47eqgamma_48eqgamma_49eqgamma_50,71243130,70803370
fxvegainremeabank5fxvega_1fxvega_2fxvega_3fxvega_4fxvega_5fxvega_6fxvega_7fxvega_8fxvega_9fxvega_10fxvega_11fxvega_12fxvega_13fxvega_14fxvega_15fxvega_16fxvega_17fxvega_18fxvega_19fxvega_20fxvega_21fxvega_22fxvega_23fxvega_24fxvega_25fxvega_26fxvega_27fxvega_28fxvega_29fxvega_30fxvega_31fxvega_32fxvega_33fxvega_34fxvega_35fxvega_36fxvega_37fxvega_38fxvega_39fxvega_40fxvega_41fxvega_42fxvega_43fxvega_44fxvega_45fxvega_46fxvega_47fxvega_48fxvega_49fxvega_50,69417500,68466910
eqgammausdapacbank4eqgamma_1eqgamma_2eqgamma_3eqgamma_4eqgamma_5eqgamma_6eqgamma_7eqgamma_8eqgamma_9eqgamma_10eqgamma_11eqgamma_12eqgamma_13eqgamma_14eqgamma_15eqgamma_16eqgamma_17eqgamma_18eqgamma_19eqgamma_20eqgamma_21eqgamma_22eqgamma_23eqgamma_24eqgamma_25eqgamma_26eqgamma_27eqgamma_28eqgamma_29eqgamma_30eqgamma_31eqgamma_32eqgamma_33eqgamma_34eqgamma_35eqgamma_36eqgamma_37eqgamma_38eqgamma_39eqgamma_40eqgamma_41eqgamma_42eqgamma_43eqgamma_44eqgamma_45eqgamma_46eqgamma_47eqgamma_48eqgamma_49eqgamma_50,56827310,58268320
fxvegausdamrsbank4fxvega_1fxvega_2fxvega_3fxvega_4fxvega_5fxvega_6fxvega_7fxvega_8fxvega_9fxvega_10fxvega_11fxvega_12fxvega_13fxvega_14fxvega_15fxvega_16fxvega_17fxvega_18fxvega_19fxvega_20fxvega_21fxvega_22fxvega_23fxvega_24fxvega_25fxvega_26fxvega_27fxvega_28fxvega_29fxvega_30fxvega_31fxvega_32fxvega_33fxvega_34fxvega_35fxvega_36fxvega_37fxvega_38fxvega_39fxvega_40fxvega_41fxvega_42fxvega_43fxvega_44fxvega_45fxvega_46fxvega_47fxvega_48fxvega_49fxvega_50,55337620,59666200
eqgammasgdapacbank2eqgamma_1eqgamma_2eqgamma_3eqgamma_4eqgamma_5eqgamma_6eqgamma_7eqgamma_8eqgamma_9eqgamma_10eqgamma_11eqgamma_12eqgamma_13eqgamma_14eqgamma_15eqgamma_16eqgamma_17eqgamma_18eqgamma_19eqgamma_20eqgamma_21eqgamma_22eqgamma_23eqgamma_24eqgamma_25eqgamma_26eqgamma_27eqgamma_28eqgamma_29eqgamma_30eqgamma_31eqgamma_32eqgamma_33eqgamma_34eqgamma_35eqgamma_36eqgamma_37eqgamma_38eqgamma_39eqgamma_40eqgamma_41eqgamma_42eqgamma_43eqgamma_44eqgamma_45eqgamma_46eqgamma_47eqgamma_48eqgamma_49eqgamma_50,54572280,57550520
eqgammachfemeabank1eqgamma_1eqgamma_2eqgamma_3eqgamma_4eqgamma_5eqgamma_6eqgamma_7eqgamma_8eqgamma_9eqgamma_10eqgamma_11eqgamma_12eqgamma_13eqgamma_14eqgamma_15eqgamma_16eqgamma_17eqgamma_18eqgamma_19eqgamma_20eqgamma_21eqgamma_22eqgamma_23eqgamma_24eqgamma_25eqgamma_26eqgamma_27eqgamma_28eqgamma_29eqgamma_30eqgamma_31eqgamma_32eqgamma_33eqgamma_34eqgamma_35eqgamma_36eqgamma_37eqgamma_38eqgamma_39eqgamma_40eqgamma_41eqgamma_42eqgamma_43eqgamma_44eqgamma_45eqgamma_46eqgamma_47eqgamma_48eqgamma_49eqgamma_50,55712670,49512540
fxvegachfapacbank1fxvega_1fxvega_2fxvega_3fxvega_4fxvega_5fxvega_6fxvega_7fxvega_8fxvega_9fxvega_10fxvega_11fxvega_12fxvega_13fxvega_14fxvega_15fxvega_16fxvega_17fxvega_18fxvega_19fxvega_20fxvega_21fxvega_22fxvega_23fxvega_24fxvega_25fxvega_26fxvega_27fxvega_28fxvega_29fxvega_30fxvega_31fxvega_32fxvega_33fxvega_34fxvega_35fxvega_36fxvega_37fxvega_38fxvega_39fxvega_40fxvega_41fxvega_42fxvega_43fxvega_44fxvega_45fxvega_46fxvega_47fxvega_48fxvega_49fxvega_50,62989720,56452090
eqdeltasgdamrsbank2eqdelta_1eqdelta_2eqdelta_3eqdelta_4eqdelta_5eqdelta_6eqdelta_7eqdelta_8eqdelta_9eqdelta_10eqdelta_11eqdelta_12eqdelta_13eqdelta_14eqdelta_15eqdelta_16eqdelta_17eqdelta_18eqdelta_19eqdelta_20eqdelta_21eqdelta_22eqdelta_23eqdelta_24eqdelta_25eqdelta_26eqdelta_27eqdelta_28eqdelta_29eqdelta_30eqdelta_31eqdelta_32eqdelta_33eqdelta_34eqdelta_35eqdelta_36eqdelta_37eqdelta_38eqdelta_39eqdelta_40eqdelta_41eqdelta_42eqdelta_43eqdelta_44eqdelta_45eqdelta_46eqdelta_47eqdelta_48eqdelta_49eqdelta_50,58947660,56794510
eqdeltachfapacbank1eqdelta_1eqdelta_2eqdelta_3eqdelta_4eqdelta_5eqdelta_6eqdelta_7eqdelta_8eqdelta_9eqdelta_10eqdelta_11eqdelta_12eqdelta_13eqdelta_14eqdelta_15eqdelta_16eqdelta_17eqdelta_18eqdelta_19eqdelta_20eqdelta_21eqdelta_22eqdelta_23eqdelta_24eqdelta_25eqdelta_26eqdelta_27eqdelta_28eqdelta_29eqdelta_30eqdelta_31eqdelta_32eqdelta_33eqdelta_34eqdelta_35eqdelta_36eqdelta_37eqdelta_38eqdelta_39eqdelta_40eqdelta_41eqdelta_42eqdelta_43eqdelta_44eqdelta_45eqdelta_46eqdelta_47eqdelta_48eqdelta_49eqdelta_50,55873560,57594850
eqdeltainrapacbank5eqdelta_1eqdelta_2eqdelta_3eqdelta_4eqdelta_5eqdelta_6eqdelta_7eqdelta_8eqdelta_9eqdelta_10eqdelta_11eqdelta_12eqdelta_13eqdelta_14eqdelta_15eqdelta_16eqdelta_17eqdelta_18eqdelta_19eqdelta_20eqdelta_21eqdelta_22eqdelta_23eqdelta_24eqdelta_25eqdelta_26eqdelta_27eqdelta_28eqdelta_29eqdelta_30eqdelta_31eqdelta_32eqdelta_33eqdelta_34eqdelta_35eqdelta_36eqdelta_37eqdelta_38eqdelta_39eqdelta_40eqdelta_41eqdelta_42eqdelta_43eqdelta_44eqdelta_45eqdelta_46eqdelta_47eqdelta_48eqdelta_49eqdelta_50,58059410,55606090
eqdeltagbpemeabank3eqdelta_1eqdelta_2eqdelta_3eqdelta_4eqdelta_5eqdelta_6eqdelta_7eqdelta_8eqdelta_9eqdelta_10eqdelta_11eqdelta_12eqdelta_13eqdelta_14eqdelta_15eqdelta_16eqdelta_17eqdelta_18eqdelta_19eqdelta_20eqdelta_21eqdelta_22eqdelta_23eqdelta_24eqdelta_25eqdelta_26eqdelta_27eqdelta_28eqdelta_29eqdelta_30eqdelta_31eqdelta_32eqdelta_33eqdelta_34eqdelta_35eqdelta_36eqdelta_37eqdelta_38eqdelta_39eqdelta_40eqdelta_41eqdelta_42eqdelta_43eqdelta_44eqdelta_45eqdelta_46eqdelta_47eqdelta_48eqdelta_49eqdelta_50,64004850,73430640
eqdeltausdemeabank4eqdelta_1eqdelta_2eqdelta_3eqdelta_4eqdelta_5eqdelta_6eqdelta_7eqdelta_8eqdelta_9eqdelta_10eqdelta_11eqdelta_12eqdelta_13eqdelta_14eqdelta_15eqdelta_16eqdelta_17eqdelta_18eqdelta_19eqdelta_20eqdelta_21eqdelta_22eqdelta_23eqdelta_24eqdelta_25eqdelta_26eqdelta_27eqdelta_28eqdelta_29eqdelta_30eqdelta_31eqdelta_32eqdelta_33eqdelta_34eqdelta_35eqdelta_36eqdelta_37eqdelta_38eqdelta_39eqdelta_40eqdelta_41eqdelta_42eqdelta_43eqdelta_44eqdelta_45eqdelta_46eqdelta_47eqdelta_48eqdelta_49eqdelta_50,73221620,71610940
eqdeltasgdemeabank2eqdelta_1eqdelta_2eqdelta_3eqdelta_4eqdelta_5eqdelta_6eqdelta_7eqdelta_8eqdelta_9eqdelta_10eqdelta_11eqdelta_12eqdelta_13eqdelta_14eqdelta_15eqdelta_16eqdelta_17eqdelta_18eqdelta_19eqdelta_20eqdelta_21eqdelta_22eqdelta_23eqdelta_24eqdelta_25eqdelta_26eqdelta_27eqdelta_28eqdelta_29eqdelta_30eqdelta_31eqdelta_32eqdelta_33eqdelta_34eqdelta_35eqdelta_36eqdelta_37eqdelta_38eqdelta_39eqdelta_40eqdelta_41eqdelta_42eqdelta_43eqdelta_44eqdelta_45eqdelta_46eqdelta_47eqdelta_48eqdelta_49eqdelta_50,72273780,65111420
eqdeltachfamrsbank1eqdelta_1eqdelta_2eqdelta_3eqdelta_4eqdelta_5eqdelta_6eqdelta_7eqdelta_8eqdelta_9eqdelta_10eqdelta_11eqdelta_12eqdelta_13eqdelta_14eqdelta_15eqdelta_16eqdelta_17eqdelta_18eqdelta_19eqdelta_20eqdelta_21eqdelta_22eqdelta_23eqdelta_24eqdelta_25eqdelta_26eqdelta_27eqdelta_28eqdelta_29eqdelta_30eqdelta_31eqdelta_32eqdelta_33eqdelta_34eqdelta_35eqdelta_36eqdelta_37eqdelta_38eqdelta_39eqdelta_40eqdelta_41eqdelta_42eqdelta_43eqdelta_44eqdelta_45eqdelta_46eqdelta_47eqdelta_48eqdelta_49eqdelta_50,61021160,57218660
eqdeltainramrsbank5eqdelta_1eqdelta_2eqdelta_3eqdelta_4eqdelta_5eqdelta_6eqdelta_7eqdelta_8eqdelta_9eqdelta_10eqdelta_11eqdelta_12eqdelta_13eqdelta_14eqdelta_15eqdelta_16eqdelta_17eqdelta_18eqdelta_19eqdelta_20eqdelta_21eqdelta_22eqdelta_23eqdelta_24eqdelta_25eqdelta_26eqdelta_27eqdelta_28eqdelta_29eqdelta_30eqdelta_31eqdelta_32eqdelta_33eqdelta_34eqdelta_35eqdelta_36eqdelta_37eqdelta_38eqdelta_39eqdelta_40eqdelta_41eqdelta_42eqdelta_43eqdelta_44eqdelta_45eqdelta_46eqdelta_47eqdelta_48eqdelta_49eqdelta_50,58842650,60728880
eqdeltagbpapacbank3eqdelta_1eqdelta_2eqdelta_3eqdelta_4eqdelta_5eqdelta_6eqdelta_7eqdelta_8eqdelta_9eqdelta_10eqdelta_11eqdelta_12eqdelta_13eqdelta_14eqdelta_15eqdelta_16eqdelta_17eqdelta_18eqdelta_19eqdelta_20eqdelta_21eqdelta_22eqdelta_23eqdelta_24eqdelta_25eqdelta_26eqdelta_27eqdelta_28eqdelta_29eqdelta_30eqdelta_31eqdelta_32eqdelta_33eqdelta_34eqdelta_35eqdelta_36eqdelta_37eqdelta_38eqdelta_39eqdelta_40eqdelta_41eqdelta_42eqdelta_43eqdelta_44eqdelta_45eqdelta_46eqdelta_47eqdelta_48eqdelta_49eqdelta_50,59847370,59236270
eqdeltausdapacbank4eqdelta_1eqdelta_2eqdelta_3eqdelta_4eqdelta_5eqdelta_6eqdelta_7eqdelta_8eqdelta_9eqdelta_10eqdelta_11eqdelta_12eqdelta_13eqdelta_14eqdelta_15eqdelta_16eqdelta_17eqdelta_18eqdelta_19eqdelta_20eqdelta_21eqdelta_22eqdelta_23eqdelta_24eqdelta_25eqdelta_26eqdelta_27eqdelta_28eqdelta_29eqdelta_30eqdelta_31eqdelta_32eqdelta_33eqdelta_34eqdelta_35eqdelta_36eqdelta_37eqdelta_38eqdelta_39eqdelta_40eqdelta_41eqdelta_42eqdelta_43eqdelta_44eqdelta_45eqdelta_46eqdelta_47eqdelta_48eqdelta_49eqdelta_50,53314190,59848250
eqdeltachfemeabank1eqdelta_1eqdelta_2eqdelta_3eqdelta_4eqdelta_5eqdelta_6eqdelta_7eqdelta_8eqdelta_9eqdelta_10eqdelta_11eqdelta_12eqdelta_13eqdelta_14eqdelta_15eqdelta_16eqdelta_17eqdelta_18eqdelta_19eqdelta_20eqdelta_21eqdelta_22eqdelta_23eqdelta_24eqdelta_25eqdelta_26eqdelta_27eqdelta_28eqdelta_29eqdelta_30eqdelta_31eqdelta_32eqdelta_33eqdelta_34eqdelta_35eqdelta_36eqdelta_37eqdelta_38eqdelta_39eqdelta_40eqdelta_41eqdelta_42eqdelta_43eqdelta_44eqdelta_45eqdelta_46eqdelta_47eqdelta_48eqdelta_49eqdelta_50,70649070,73507160
eqdeltagbpamrsbank3eqdelta_1eqdelta_2eqdelta_3eqdelta_4eqdelta_5eqdelta_6eqdelta_7eqdelta_8eqdelta_9eqdelta_10eqdelta_11eqdelta_12eqdelta_13eqdelta_14eqdelta_15eqdelta_16eqdelta_17eqdelta_18eqdelta_19eqdelta_20eqdelta_21eqdelta_22eqdelta_23eqdelta_24eqdelta_25eqdelta_26eqdelta_27eqdelta_28eqdelta_29eqdelta_30eqdelta_31eqdelta_32eqdelta_33eqdelta_34eqdelta_35eqdelta_36eqdelta_37eqdelta_38eqdelta_39eqdelta_40eqdelta_41eqdelta_42eqdelta_43eqdelta_44eqdelta_45eqdelta_46eqdelta_47eqdelta_48eqdelta_49eqdelta_50,59610590,54890930
eqdeltasgdapacbank2eqdelta_1eqdelta_2eqdelta_3eqdelta_4eqdelta_5eqdelta_6eqdelta_7eqdelta_8eqdelta_9eqdelta_10eqdelta_11eqdelta_12eqdelta_13eqdelta_14eqdelta_15eqdelta_16eqdelta_17eqdelta_18eqdelta_19eqdelta_20eqdelta_21eqdelta_22eqdelta_23eqdelta_24eqdelta_25eqdelta_26eqdelta_27eqdelta_28eqdelta_29eqdelta_30eqdelta_31eqdelta_32eqdelta_33eqdelta_34eqdelta_35eqdelta_36eqdelta_37eqdelta_38eqdelta_39eqdelta_40eqdelta_41eqdelta_42eqdelta_43eqdelta_44eqdelta_45eqdelta_46eqdelta_47eqdelta_48eqdelta_49eqdelta_50,64507970,52008500
eqdeltainremeabank5eqdelta_1eqdelta_2eqdelta_3eqdelta_4eqdelta_5eqdelta_6eqdelta_7eqdelta_8eqdelta_9eqdelta_10eqdelta_11eqdelta_12eqdelta_13eqdelta_14eqdelta_15eqdelta_16eqdelta_17eqdelta_18eqdelta_19eqdelta_20eqdelta_21eqdelta_22eqdelta_23eqdelta_24eqdelta_25eqdelta_26eqdelta_27eqdelta_28eqdelta_29eqdelta_30eqdelta_31eqdelta_32eqdelta_33eqdelta_34eqdelta_35eqdelta_36eqdelta_37eqdelta_38eqdelta_39eqdelta_40eqdelta_41eqdelta_42eqdelta_43eqdelta_44eqdelta_45eqdelta_46eqdelta_47eqdelta_48eqdelta_49eqdelta_50,64996730,65171070
eqdeltausdamrsbank4eqdelta_1eqdelta_2eqdelta_3eqdelta_4eqdelta_5eqdelta_6eqdelta_7eqdelta_8eqdelta_9eqdelta_10eqdelta_11eqdelta_12eqdelta_13eqdelta_14eqdelta_15eqdelta_16eqdelta_17eqdelta_18eqdelta_19eqdelta_20eqdelta_21eqdelta_22eqdelta_23eqdelta_24eqdelta_25eqdelta_26eqdelta_27eqdelta_28eqdelta_29eqdelta_30eqdelta_31eqdelta_32eqdelta_33eqdelta_34eqdelta_35eqdelta_36eqdelta_37eqdelta_38eqdelta_39eqdelta_40eqdelta_41eqdelta_42eqdelta_43eqdelta_44eqdelta_45eqdelta_46eqdelta_47eqdelta_48eqdelta_49eqdelta_50,56817320,54161600
_46irgamma_47irgamma_48irgamma_49irgamma_5014154747,0,0
eqvegausdapacbank4eqvega_1eqvega_2eqvega_3eqvega_4eqvega_5eqvega_6eqvega_7eqvega_8eqvega_9eqvega_10eqvega_11eqvega_12eqvega_13eqvega_14eqvega_15eqvega_16eqvega_17eqvega_18eqvega_19eqvega_20eqvega_21eqvega_22eqvega_23eqvega_24eqvega_25eqvega_26eqvega_27eqvega_28eqvega_29eqvega_30eqvega_31eqvega_32eqvega_33eqvega_34eqvega_35eqvega_36eqvega_37eqvega_38eqvega_39eqvega_40eqvega_41eqvega_42eqvega_43eqvega_44eqvega_45eqvega_46eqvega_47eqvega_48eqvega_49eqvega_50,57868520,58337720
eqvegasgdemeabank2eqvega_1eqvega_2eqvega_3eqvega_4eqvega_5eqvega_6eqvega_7eqvega_8eqvega_9eqvega_10eqvega_11eqvega_12eqvega_13eqvega_14eqvega_15eqvega_16eqvega_17eqvega_18eqvega_19eqvega_20eqvega_21eqvega_22eqvega_23eqvega_24eqvega_25eqvega_26eqvega_27eqvega_28eqvega_29eqvega_30eqvega_31eqvega_32eqvega_33eqvega_34eqvega_35eqvega_36eqvega_37eqvega_38eqvega_39eqvega_40eqvega_41eqvega_42eqvega_43eqvega_44eqvega_45eqvega_46eqvega_47eqvega_48eqvega_49eqvega_50,59989930,70024410
eqvegachfemeabank1eqvega_1eqvega_2eqvega_3eqvega_4eqvega_5eqvega_6eqvega_7eqvega_8eqvega_9eqvega_10eqvega_11eqvega_12eqvega_13eqvega_14eqvega_15eqvega_16eqvega_17eqvega_18eqvega_19eqvega_20eqvega_21eqvega_22eqvega_23eqvega_24eqvega_25eqvega_26eqvega_27eqvega_28eqvega_29eqvega_30eqvega_31eqvega_32eqvega_33eqvega_34eqvega_35eqvega_36eqvega_37eqvega_38eqvega_39eqvega_40eqvega_41eqvega_42eqvega_43eqvega_44eqvega_45eqvega_46eqvega_47eqvega_48eqvega_49eqvega_50,70602360,72147660
eqvegainremeabank5eqvega_1eqvega_2eqvega_3eqvega_4eqvega_5eqvega_6eqvega_7eqvega_8eqvega_9eqvega_10eqvega_11eqvega_12eqvega_13eqvega_14eqvega_15eqvega_16eqvega_17eqvega_18eqvega_19eqvega_20eqvega_21eqvega_22eqvega_23eqvega_24eqvega_25eqvega_26eqvega_27eqvega_28eqvega_29eqvega_30eqvega_31eqvega_32eqvega_33eqvega_34eqvega_35eqvega_36eqvega_37eqvega_38eqvega_39eqvega_40eqvega_41eqvega_42eqvega_43eqvega_44eqvega_45eqvega_46eqvega_47eqvega_48eqvega_49eqvega_50,71262160,70244530
eqvegagbpamrsbank3eqvega_1eqvega_2eqvega_3eqvega_4eqvega_5eqvega_6eqvega_7eqvega_8eqvega_9eqvega_10eqvega_11eqvega_12eqvega_13eqvega_14eqvega_15eqvega_16eqvega_17eqvega_18eqvega_19eqvega_20eqvega_21eqvega_22eqvega_23eqvega_24eqvega_25eqvega_26eqvega_27eqvega_28eqvega_29eqvega_30eqvega_31eqvega_32eqvega_33eqvega_34eqvega_35eqvega_36eqvega_37eqvega_38eqvega_39eqvega_40eqvega_41eqvega_42eqvega_43eqvega_44eqvega_45eqvega_46eqvega_47eqvega_48eqvega_49eqvega_50,59220480,58211280
eqvegausdamrsbank4eqvega_1eqvega_2eqvega_3eqvega_4eqvega_5eqvega_6eqvega_7eqvega_8eqvega_9eqvega_10eqvega_11eqvega_12eqvega_13eqvega_14eqvega_15eqvega_16eqvega_17eqvega_18eqvega_19eqvega_20eqvega_21eqvega_22eqvega_23eqvega_24eqvega_25eqvega_26eqvega_27eqvega_28eqvega_29eqvega_30eqvega_31eqvega_32eqvega_33eqvega_34eqvega_35eqvega_36eqvega_37eqvega_38eqvega_39eqvega_40eqvega_41eqvega_42eqvega_43eqvega_44eqvega_45eqvega_46eqvega_47eqvega_48eqvega_49eqvega_50,54947900,55497430
eqvegasgdapacbank2eqvega_1eqvega_2eqvega_3eqvega_4eqvega_5eqvega_6eqvega_7eqvega_8eqvega_9eqvega_10eqvega_11eqvega_12eqvega_13eqvega_14eqvega_15eqvega_16eqvega_17eqvega_18eqvega_19eqvega_20eqvega_21eqvega_22eqvega_23eqvega_24eqvega_25eqvega_26eqvega_27eqvega_28eqvega_29eqvega_30eqvega_31eqvega_32eqvega_33eqvega_34eqvega_35eqvega_36eqvega_37eqvega_38eqvega_39eqvega_40eqvega_41eqvega_42eqvega_43eqvega_44eqvega_45eqvega_46eqvega_47eqvega_48eqvega_49eqvega_50,54848530,61265880
eqvegachfapacbank1eqvega_1eqvega_2eqvega_3eqvega_4eqvega_5eqvega_6eqvega_7eqvega_8eqvega_9eqvega_10eqvega_11eqvega_12eqvega_13eqvega_14eqvega_15eqvega_16eqvega_17eqvega_18eqvega_19eqvega_20eqvega_21eqvega_22eqvega_23eqvega_24eqvega_25eqvega_26eqvega_27eqvega_28eqvega_29eqvega_30eqvega_31eqvega_32eqvega_33eqvega_34eqvega_35eqvega_36eqvega_37eqvega_38eqvega_39eqvega_40eqvega_41eqvega_42eqvega_43eqvega_44eqvega_45eqvega_46eqvega_47eqvega_48eqvega_49eqvega_50,58868850,57894060
eqvegagbpemeabank3eqvega_1eqvega_2eqvega_3eqvega_4eqvega_5eqvega_6eqvega_7eqvega_8eqvega_9eqvega_10eqvega_11eqvega_12eqvega_13eqvega_14eqvega_15eqvega_16eqvega_17eqvega_18eqvega_19eqvega_20eqvega_21eqvega_22eqvega_23eqvega_24eqvega_25eqvega_26eqvega_27eqvega_28eqvega_29eqvega_30eqvega_31eqvega_32eqvega_33eqvega_34eqvega_35eqvega_36eqvega_37eqvega_38eqvega_39eqvega_40eqvega_41eqvega_42eqvega_43eqvega_44eqvega_45eqvega_46eqvega_47eqvega_48eqvega_49eqvega_50,65513100,73491680
eqvegasgdamrsbank2eqvega_1eqvega_2eqvega_3eqvega_4eqvega_5eqvega_6eqvega_7eqvega_8eqvega_9eqvega_10eqvega_11eqvega_12eqvega_13eqvega_14eqvega_15eqvega_16eqvega_17eqvega_18eqvega_19eqvega_20eqvega_21eqvega_22eqvega_23eqvega_24eqvega_25eqvega_26eqvega_27eqvega_28eqvega_29eqvega_30eqvega_31eqvega_32eqvega_33eqvega_34eqvega_35eqvega_36eqvega_37eqvega_38eqvega_39eqvega_40eqvega_41eqvega_42eqvega_43eqvega_44eqvega_45eqvega_46eqvega_47eqvega_48eqvega_49eqvega_50,50861980,55962010
eqvegainrapacbank5eqvega_1eqvega_2eqvega_3eqvega_4eqvega_5eqvega_6eqvega_7eqvega_8eqvega_9eqvega_10eqvega_11eqvega_12eqvega_13eqvega_14eqvega_15eqvega_16eqvega_17eqvega_18eqvega_19eqvega_20eqvega_21eqvega_22eqvega_23eqvega_24eqvega_25eqvega_26eqvega_27eqvega_28eqvega_29eqvega_30eqvega_31eqvega_32eqvega_33eqvega_34eqvega_35eqvega_36eqvega_37eqvega_38eqvega_39eqvega_40eqvega_41eqvega_42eqvega_43eqvega_44eqvega_45eqvega_46eqvega_47eqvega_48eqvega_49eqvega_50,58196090,56987250
eqvegausdemeabank4eqvega_1eqvega_2eqvega_3eqvega_4eqvega_5eqvega_6eqvega_7eqvega_8eqvega_9eqvega_10eqvega_11eqvega_12eqvega_13eqvega_14eqvega_15eqvega_16eqvega_17eqvega_18eqvega_19eqvega_20eqvega_21eqvega_22eqvega_23eqvega_24eqvega_25eqvega_26eqvega_27eqvega_28eqvega_29eqvega_30eqvega_31eqvega_32eqvega_33eqvega_34eqvega_35eqvega_36eqvega_37eqvega_38eqvega_39eqvega_40eqvega_41eqvega_42eqvega_43eqvega_44eqvega_45eqvega_46eqvega_47eqvega_48eqvega_49eqvega_50,73496930,70888510
eqvegachfamrsbank1eqvega_1eqvega_2eqvega_3eqvega_4eqvega_5eqvega_6eqvega_7eqvega_8eqvega_9eqvega_10eqvega_11eqvega_12eqvega_13eqvega_14eqvega_15eqvega_16eqvega_17eqvega_18eqvega_19eqvega_20eqvega_21eqvega_22eqvega_23eqvega_24eqvega_25eqvega_26eqvega_27eqvega_28eqvega_29eqvega_30eqvega_31eqvega_32eqvega_33eqvega_34eqvega_35eqvega_36eqvega_37eqvega_38eqvega_39eqvega_40eqvega_41eqvega_42eqvega_43eqvega_44eqvega_45eqvega_46eqvega_47eqvega_48eqvega_49eqvega_50,55417370,56923740
eqvegainramrsbank5eqvega_1eqvega_2eqvega_3eqvega_4eqvega_5eqvega_6eqvega_7eqvega_8eqvega_9eqvega_10eqvega_11eqvega_12eqvega_13eqvega_14eqvega_15eqvega_16eqvega_17eqvega_18eqvega_19eqvega_20eqvega_21eqvega_22eqvega_23eqvega_24eqvega_25eqvega_26eqvega_27eqvega_28eqvega_29eqvega_30eqvega_31eqvega_32eqvega_33eqvega_34eqvega_35eqvega_36eqvega_37eqvega_38eqvega_39eqvega_40eqvega_41eqvega_42eqvega_43eqvega_44eqvega_45eqvega_46eqvega_47eqvega_48eqvega_49eqvega_50,55392320,54069800
eqvegagbpapacbank3eqvega_1eqvega_2eqvega_3eqvega_4eqvega_5eqvega_6eqvega_7eqvega_8eqvega_9eqvega_10eqvega_11eqvega_12eqvega_13eqvega_14eqvega_15eqvega_16eqvega_17eqvega_18eqvega_19eqvega_20eqvega_21eqvega_22eqvega_23eqvega_24eqvega_25eqvega_26eqvega_27eqvega_28eqvega_29eqvega_30eqvega_31eqvega_32eqvega_33eqvega_34eqvega_35eqvega_36eqvega_37eqvega_38eqvega_39eqvega_40eqvega_41eqvega_42eqvega_43eqvega_44eqvega_45eqvega_46eqvega_47eqvega_48eqvega_49eqvega_50,53707910,52191030
